pitcher_name,pitcher_id,pitcher_team,pitch_type,batter_side,pitch_count,batted_ball_count,raw_pitch_score_20_80,raw_pitch_score_0_100,location_score_20_80,location_score_0_100,final_pitch_score_20_80,final_pitch_score_0_100,overall_rank,pitch_type_rank,pitch_type_batter_side_rank,platoon_gap,better_side,platoon_category,IVB,HB,velocity,spin_rate,extension,release_height,release_side,movement_quality_20_80,movement_quality_0_100,archetype,cluster,stuff_plus_raw,stuff_plus_20_80,stuff_plus_0_100,execution_raw,execution_plus_20_80,execution_plus_0_100,quadrant_label
"Vecerka, Boris",807828.0,QUE_CAP,Slider,R,48,10,80.0,99.73118279569891,63.70228407249683,90.94993581514764,75.11068522174905,100.0,1,1,1,,,,2.456283114754098,-11.820105737704916,82.9846080327869,2496.152949180328,5.6485701639344255,4.882090163934427,2.73322131147541,66.37096774193549,77.28494623655914,Tight High-Spin Breakers,3,55.17325209612876,67.89210878580276,95.76719576719576,19.937433125620288,78.57156963389151,99.31972789115646,Elite Weapon
"Ryan, Dillon",1000132418.0,NEW_ENG23,Slider,R,54,22,79.2497765353483,99.46236559139786,63.04891546419515,89.98716302952504,74.38951821400235,99.9244142101285,2,2,2,4.357054136593035,RHH,Balanced Weapon,-2.215829115044248,-8.520570530973451,85.37649053097346,2495.287846017699,5.8358920353982295,4.579917256637168,1.92866592920354,56.854838709677416,61.424731182795696,Tight High-Spin Breakers,3,53.57415294354702,62.62534866657536,88.62433862433863,20.81536527045533,79.8297004700899,99.62207105064248,Elite Weapon
"Harper, Scott",1000241275.0,NEW_YOR13,Slider,R,143,28,76.74410248881706,99.19354838709675,67.4662005109391,94.1591784338896,73.96073189545368,99.848828420257,3,3,3,4.967568425355665,RHH,Balanced Weapon,3.456312126436782,-16.708678045977013,79.83878678160919,2674.8031310344827,5.632367471264367,4.205286724137931,1.860361091954023,77.41935483870968,95.6989247311828,Tight High-Spin Breakers,3,59.49079299169654,80.0,99.58427815570673,14.46993890375714,70.73631366595444,97.80801209372638,Elite Weapon
"Kirby, Zach",813716.0,WAS_WIL3,Slider,R,126,42,70.91584226396884,97.04301075268818,80.0,99.42233632862644,73.64108958477819,99.77324263038548,4,4,4,,,,5.775077874015748,-13.35486874015748,77.95873236220473,2204.134622047244,5.682268267716535,6.0299599212598425,2.182132125984252,77.82258064516128,96.37096774193547,Tight High-Spin Breakers,3,56.59779591835618,72.5839570548022,97.73242630385488,17.04329366642201,74.42408953614427,98.71504157218442,Elite Weapon
"Bargo, Casey",1000492781.0,NEW_ENG23,Slider,R,29,16,72.76422828949876,97.98387096774194,73.70370238962111,97.75353016688062,73.04607051953546,99.697656840514,5,5,5,9.11917153306306,RHH,Right-Handed Killer,1.4834028571428572,-4.979310535714285,83.56961232142858,2415.5824839285715,5.66463625,5.811873571428571,2.415990178571428,61.93548387096774,69.89247311827957,Tight High-Spin Breakers,3,52.58602320722851,59.370864865828686,83.03099017384731,20.460047312306955,79.32050795170284,99.54648526077098,Elite Weapon
"Moore, Kyle",1000517760.0,SCH_BOO,Slider,R,31,20,70.38705125519395,96.90860215053765,77.50751341637827,98.7163029525032,72.52318990354924,99.62207105064248,6,6,6,,,,8.82592566037736,-1.174748679245283,84.08072056603774,2161.959054716981,4.865822641509434,6.387008301886793,2.451900943396226,58.2258064516129,63.70967741935484,Tight High-Spin Breakers,3,47.38546139448096,42.24240131262471,19.42554799697657,25.137728509068275,80.0,100.0,Command/Deception Weapon
"Grounds, Jackson",805984.0,DOW_EAS1,Curveball,R,43,10,80.0,100.0,54.8344383548862,72.59306803594352,72.45033150646586,99.54648526077098,7,1,1,2.957564900068704,Balanced,Balanced Weapon,-10.500080243902438,-12.01293524390244,81.40860719512196,1945.774660975609,5.351570975609756,6.060410609756097,2.076265,57.25806451612903,62.096774193548384,Tight High-Spin Breakers,3,50.76293796963122,53.36638877825928,68.2161753590325,21.68739353683464,80.0,99.697656840514,Elite Weapon
"Grounds, Jackson",805984.0,DOW_EAS1,Four-Seam,R,48,27,73.45912967875816,98.252688172043,69.3300186268786,95.37869062901156,72.22039636319428,99.47089947089948,8,1,1,3.406765763709529,RHH,Balanced Weapon,17.0341461682243,14.240285607476636,92.4652793457944,2162.7614570093456,5.590913457943926,6.146667102803739,1.9688526168224296,22.661290322580644,4.435483870967742,Arm-Side Run Power,2,49.42277767886597,48.95246437502323,48.48828420256992,22.79761868432832,80.0,99.9244142101285,Command/Deception Weapon
"Lawson, Nathan",1000569348.0,FLO_Y'A,Changeup,L,33,17,76.9618129360427,99.32795698924733,60.56892347963108,86.26444159178433,72.04394609911921,99.39531368102796,9,1,1,,,,7.961830784313726,10.808374705882354,79.7723056862745,1437.565349019608,5.783678235294117,5.586570588235294,1.6163258823529412,60.40322580645161,67.33870967741935,Soft-Speed Separation,0,52.30241812701549,58.43678899963575,80.57445200302344,19.74152797210372,78.29082548292334,99.24414210128496,Elite Weapon
"Morgan, Cooper",692707.0,QUE_CAP,Curveball,L,44,15,80.0,99.86559139784946,53.33351576540413,66.81643132220796,72.00005472962124,99.31972789115646,10,2,1,,,,-1.0346180392156863,16.78828568627451,75.57898745098039,2657.0229784313724,5.260418823529412,4.807649215686275,-4.26667705882353,78.06451612903226,96.7741935483871,Tight High-Spin Breakers,3,49.73319606647699,49.97485199964618,54.27059712773998,22.266858663144248,80.0,99.848828420257,Command/Deception Weapon
"Alpern, Liam",1000137537.0,FLO_Y'A,Slider,L,38,16,75.48892110637966,98.9247311827957,61.7972970092799,88.25417201540436,71.38143387724973,99.24414210128496,11,7,1,-6.563380858000329,LHH,Reverse Split Weapon,-4.042234102564103,11.5085708974359,76.82941141025641,2219.105,5.546514358974359,4.826601153846154,-2.125199871794872,71.85483870967741,86.4247311827957,Tight High-Spin Breakers,3,54.14497776458232,64.50540557088928,92.10128495842784,17.236456112667412,74.70090321866698,98.79062736205594,Elite Weapon
"Carroll, Jake",1000088275.0,JOL_SLA,Slider,L,46,11,80.0,99.59677419354838,49.83159914318514,53.722721437740695,70.94947974295555,99.16855631141344,12,8,2,,,,-6.216573387096775,7.841985483870967,75.24921435483871,2032.7843403225809,6.0965925806451615,6.229637903225807,-1.92296370967742,75.16129032258064,91.93548387096774,Tight High-Spin Breakers,3,55.21924480471908,68.04358942600425,95.91836734693877,15.730234938236464,72.54239550615739,98.48828420256991,Elite Weapon
"Davis, Tyler",824623.0,WIN_CIT29,Four-Seam,R,33,19,73.62244585193395,98.38709677419357,64.24114988122697,91.59178433889602,70.80805706072185,99.09297052154194,13,2,2,4.9108488066761,RHH,Balanced Weapon,21.23184789473684,5.648621842105263,89.31716763157894,2170.9824881578947,5.858615394736842,6.558214736842106,0.4845959210526316,39.11290322580645,31.85483870967742,Arm-Side Run Power,2,50.81726342433096,53.54531397987015,68.97203325774754,19.99079363639089,78.6480385323488,99.39531368102796,Elite Weapon
"Cameron, Zach",1000084075.0,WIN_CIT29,Four-Seam,R,50,39,70.92657330592881,97.17741935483872,67.07975985228886,93.90243902439023,69.77252926983682,98.94179894179894,15,3,3,7.946227333894448,RHH,Right-Handed Killer,15.571824081632652,10.203213265306122,87.95398448979593,2168.0543265306123,5.551777653061224,5.401395102040817,1.4317371428571428,37.822580645161295,29.70430107526882,Arm-Side Run Power,2,47.88225055522152,43.87861588707968,25.96371882086168,21.890278714615302,80.0,99.77324263038548,Command/Deception Weapon
"Rodriguez, Joe Joe",689487.0,NEW_JER6,Changeup,L,59,15,74.76527429683387,98.79032258064515,58.05654217070224,80.93709884467266,69.75265465899437,98.86621315192744,16,2,2,,,,8.669955731707317,15.347573902439024,81.37598841463415,1799.461998780488,5.409436341463414,5.695493292682928,2.6102653658536585,58.064516129032256,63.44086021505376,Soft-Speed Separation,0,50.854649453598526,53.668447837858125,69.0854119425548,18.898005205395847,77.0820054048865,99.09297052154194,Elite Weapon
"Peyton, Blake",1000017005.0,GAT_GRI,Changeup,R,84,20,76.35070828077802,99.05913978494624,52.67667349574104,64.56996148908858,69.24849784526693,98.71504157218442,18,3,1,,,,10.35781908045977,-13.20826344827586,80.98885655172414,1936.970593103448,6.103550919540229,5.885427586206896,-2.441557931034483,62.09677419354839,70.16129032258065,Glove-Side Power Break,1,49.01296594586908,47.60271686983896,42.63038548752834,20.23553189939785,78.99876353689292,99.47089947089948,Command/Deception Weapon
"Escobar, Anthony",678673.0,TRO_AIG,Changeup,L,100,30,72.0268992008304,97.58064516129032,61.94570262438981,88.3183568677792,69.00254022789822,98.63945578231292,19,4,3,,,,10.241127307692308,11.632426826923078,79.55621653846153,1616.557242307692,6.223757307692308,5.616504134615385,1.9526078846153847,65.96774193548387,76.61290322580645,Soft-Speed Separation,0,53.43305746720754,62.16063950417702,87.2260015117158,15.569482760690684,72.31202773485954,98.2615268329554,Elite Weapon
"McEvoy, Aidan",1000079355.0,FLO_Y'A,Slider,L,65,25,71.65305287006666,97.4462365591398,62.64204258427889,89.34531450577664,68.94974978433032,98.48828420256991,21,11,5,-7.38559741561248,LHH,Reverse Split Weapon,6.5851557000000005,9.9906585,78.7820275,2212.991178,6.0421243,4.7965408,-2.8396164,71.69354838709677,86.15591397849462,Soft-Speed Separation,0,55.64064117914665,69.43149186822549,96.63643235071804,13.309108605183674,69.07277235149093,96.5986394557823,Elite Weapon
"Hickey, Matt",806277.0,GAT_GRI,Slider,R,63,21,67.62924856336936,95.43010752688171,70.47094655215669,96.34146341463416,68.48175796000555,98.33711262282692,23,12,7,,,,-1.7584149333333334,-6.7580236,79.85958133333334,2269.3569906666667,5.372146533333334,4.814203066666667,2.8435806666666665,69.35483870967742,82.25806451612904,Tight High-Spin Breakers,3,54.40539006951747,65.36309418886786,92.8949357520786,14.07636789048808,70.17230216353852,97.35449735449735,Elite Weapon
"Serrano, Elio",665939.0,NEW_JER6,Changeup,L,49,13,74.29213614634268,98.65591397849462,54.1179558423325,69.9614890885751,68.23988205513963,98.2615268329554,24,5,4,,,,10.801358545454544,11.897126,82.24524763636364,1833.510310909091,5.931770545454546,5.737268727272728,1.9039670909090909,59.11290322580645,65.18817204301075,Soft-Speed Separation,0,50.70899900323506,53.18873650658555,66.96900982615269,17.530883051904574,75.12283515662033,98.86621315192744,Elite Weapon
"Jones, Logan",814785.0,TRI_VAL,Slider,L,33,17,73.72347900612036,98.52150537634408,53.03023117832168,65.78947368421053,67.51550465778075,98.1859410430839,25,13,6,-2.377188532624359,Balanced,Balanced Weapon,2.4548069230769234,2.3349756923076925,83.46183384615384,2341.4368646153844,5.692705692307692,5.695370615384616,3.0107698461538464,59.91935483870967,66.53225806451613,Tight High-Spin Breakers,3,52.00283454902263,57.4500866813956,78.87377173091458,15.512670108758122,72.2306117054966,98.1103552532124,Elite Weapon
"Donnan, Blake",1000557509.0,FLO_Y'A,Slider,R,52,10,69.19457067632484,96.50537634408605,63.41858896721692,90.62901155327344,67.46177616359246,98.1103552532124,26,14,8,,,,4.95090523076923,-7.336028307692308,80.50229584615384,2367.13478,5.415160461538462,5.295732,3.730530615384615,71.37096774193549,85.61827956989248,Tight High-Spin Breakers,3,54.939391027634905,67.12186877473478,95.16250944822372,12.522385135957556,67.9453491650665,96.0695389266818,Elite Weapon
"Toribio, Noe",672848.0,TRO_AIG,Slider,R,89,29,69.67962636010517,96.63978494623656,60.74074138938576,86.71373555840822,66.99796086888935,98.0347694633409,27,15,9,,,,2.92255,0.7741170093457943,82.57978028037384,2241.2363757009343,5.7661638317757005,5.823465046728972,2.253649906542056,62.66129032258065,71.10215053763442,Tight High-Spin Breakers,3,52.32818834433105,58.521665257998016,80.65003779289493,14.669772524558296,71.02268755249935,97.88359788359789,Elite Weapon
"Nakata, Yuto",1000432352.0,QUE_CAP,Slider,R,83,21,69.77340464532706,96.7741935483871,59.822522069854784,84.65982028241335,66.78813987268538,97.95918367346938,28,16,10,,,,4.358957333333333,-7.814868,81.62613633333333,2412.3431288888887,5.612462666666667,6.164295111111112,1.023965888888889,69.67741935483872,82.79569892473118,Tight High-Spin Breakers,3,53.69196415709442,63.0133692593619,89.56916099773242,13.09617571559096,68.7676264059717,96.29629629629628,Elite Weapon
"Vega, Lucas",837223.0,TRO_AIG,Slider,R,84,33,65.98899746215959,94.08602150537637,67.35999239838102,94.03080872913992,66.40029594302601,97.88359788359789,29,17,11,10.75111962135034,RHH,Right-Handed Killer,6.466845982905984,-10.264779230769232,79.00010136752137,2707.1649213675214,5.865872735042735,5.098474871794872,2.432192222222222,78.46774193548387,97.4462365591398,Tight High-Spin Breakers,3,60.02197787288266,80.0,99.88662131519274,6.378318070143351,59.14052264100268,82.99319727891157,Elite Weapon
"Hagan, Jack",699522.0,DOW_EAS1,Slider,R,118,45,62.22880557853757,89.24731182795699,75.21722806113544,98.39537869062902,66.12533232331693,97.80801209372638,30,18,12,13.611294071401908,RHH,Right-Handed Killer,4.043022554347826,-3.652991467391304,84.32946260869565,2437.4635597826086,5.722281847826087,5.606135543478261,2.133676141304348,60.96774193548387,68.27956989247312,Tight High-Spin Breakers,3,52.63718140291138,59.53935844820548,83.63567649281936,13.488150920405545,69.32935101658504,96.82539682539682,Elite Weapon
"Perozzi, John",1000377762.0,SUS_COU1,Slider,R,62,29,64.09513465232573,92.20430107526882,69.43223496878808,95.4428754813864,65.69626474726442,97.65684051398335,32,19,13,7.684954704536089,RHH,Right-Handed Killer,7.9123481300813,-4.009063333333333,83.15053024390244,2403.939438211382,5.925387642276423,6.058154634146341,0.524370569105691,57.016129032258064,61.693548387096776,Glove-Side Power Break,1,53.73589237943135,63.15805035004922,89.83371126228269,11.960372367833074,67.13995025345986,95.54043839758126,Elite Weapon
"O'Hanlon, Michael",1000061333.0,WAS_WIL3,Slider,R,45,14,61.76912776805929,88.70967741935483,74.57654481714277,98.0744544287548,65.61135288278433,97.58125472411189,33,20,14,,,,2.7999487719298246,-2.4027754385964912,83.34435684210527,2500.913177192983,5.403477543859649,6.071211929824561,0.5304501754385965,63.06451612903226,71.7741935483871,Tight High-Spin Breakers,3,51.404993439021766,55.48104948273056,74.45200302343159,14.206359443762564,70.35858806568041,97.43008314436888,Elite Weapon
"Sesar, Jorden",813853.0,SUS_COU1,Changeup,L,47,15,69.14021165953233,96.37096774193547,55.87718963227976,75.22464698331194,65.16130505135655,97.50566893424036,34,6,5,,,,12.1711346875,11.24681296875,82.93153046875,1954.34821875,6.41379921875,5.66781875,2.30383078125,60.64516129032258,67.74193548387096,Soft-Speed Separation,0,51.5707526604637,56.02699064933996,75.51020408163265,13.590552390892851,69.47609863079428,96.97656840513984,Elite Weapon
"Petschke, Ben",814386.0,EVA_OTT,Slider,R,84,40,63.90136386934586,91.66666666666666,67.96293422543835,94.67265725288831,65.1198349761736,97.35449735449735,36,22,16,8.453015864595855,RHH,Right-Handed Killer,-1.7913361594202897,-13.539662608695652,80.99715717391305,2637.3345833333333,5.057614565217392,5.794363115942029,1.828690579710145,70.32258064516128,83.87096774193549,Tight High-Spin Breakers,3,53.68657010317845,62.99560351419236,89.45578231292517,11.43326487299516,66.38457274832082,94.93575207860924,Elite Weapon
"Morin, Jacob",822351.0,QUE_CAP,Slider,R,60,20,65.09226547920066,93.01075268817203,64.98237602226965,92.61874197689345,65.05929864212135,97.27891156462584,37,23,17,6.698159830909255,RHH,Right-Handed Killer,7.428107882352942,-6.154813882352941,77.36671694117646,2494.7016129411763,5.495547738095238,5.236946823529412,1.0600265882352942,78.79032258064515,97.98387096774194,Tight High-Spin Breakers,3,57.91456610915483,76.92084430528261,99.1307634164777,7.144732532966515,60.23884177040126,85.41194255479971,Elite Weapon
"Harajli, Ahmad",800677.0,FLO_Y'A,Slider,R,49,19,64.99122504532555,92.74193548387096,64.84143106199119,92.16944801026958,64.94628685032524,97.20332577475436,38,24,18,,,,-2.2584971014492754,-2.643218695652174,80.59774492753623,2059.62042,6.0360910144927535,6.014096086956521,1.816858695652174,65.56451612903226,75.94086021505376,Tight High-Spin Breakers,3,53.478567968321165,62.31053195573908,87.98185941043084,11.467718882004071,66.43394746528475,95.08692365835223,Elite Weapon
"Leak, Anthony",1000264276.0,NEW_YOR13,Slider,R,131,45,58.49312447519328,81.72043010752688,79.82044958672662,99.16559691912708,64.89132200865328,97.12773998488284,39,25,19,12.65663054318999,RHH,Right-Handed Killer,4.872590306122449,-6.337370153061224,83.29153770408163,2315.949036734694,5.871277193877551,5.54432,1.7966020408163266,64.59677419354838,74.32795698924731,Tight High-Spin Breakers,3,53.68651159288328,62.99541080588615,89.30461073318216,11.204810415769998,66.05718344039663,94.4822373393802,Elite Weapon
"Vailes, Gage",1000050773.0,GAT_GRI,Slider,R,177,66,58.31923161350272,81.31720430107528,80.0,99.55070603337612,64.82346212945191,97.05215419501134,40,26,20,14.3627432245027,RHH,Right-Handed Killer,6.093318669354838,-11.711127379032256,81.82042133064516,2568.6906032258066,4.638042943548387,5.658486572580645,1.6512271370967742,70.0,83.33333333333334,Tight High-Spin Breakers,3,51.6937875963769,56.43221598680145,76.98412698412699,13.129674533075011,68.81563227464937,96.3718820861678,Elite Weapon
"Webster, Evan",804248.0,FLO_Y'A,Cutter,L,76,26,73.45879362034657,98.11827956989248,44.500107372201406,30.551989730423617,64.77118774590302,96.90098261526832,42,1,1,-2.5660854566549105,Balanced,Balanced Weapon,5.791988333333332,-0.1098342592592592,84.23516046296297,2054.2014444444444,6.964458240740741,5.757060833333333,-2.768738055555556,51.29032258064516,52.1505376344086,Glove-Side Power Break,1,53.2262865261696,61.47962298039516,85.97883597883597,11.544901219733418,66.5445545089822,95.16250944822372,Elite Weapon
"Still, Stephen",1000338771.0,TRI_VAL,Sinker,R,50,18,68.75970897443298,96.10215053763442,54.40203652731181,70.98844672657253,64.45240724029662,96.82539682539682,43,1,1,,,,14.06653524590164,-18.149606885245905,90.6449337704918,2325.112870491804,5.390428524590164,5.599262786885245,-3.091156557377049,42.98387096774193,38.30645161290322,Glove-Side Power Break,1,52.20039113281116,58.10075498742802,79.9697656840514,12.25201610748546,67.5578936949884,95.76719576719576,Elite Weapon
"Gilleran, Jimmy",10103730.0,NEW_ENG23,Slider,R,54,27,57.7827447604941,79.83870967741935,80.0,100.0,64.44792133234586,96.74981103552533,44,28,22,7.457787598972374,RHH,Right-Handed Killer,3.3746283749999995,-3.84248575,80.66079725,2264.31674375,5.312643625,5.61095875,1.1040515,68.95161290322581,81.58602150537635,Tight High-Spin Breakers,3,52.55880530911528,59.2812205557304,82.5774754346183,11.889116023230578,67.03783552290056,95.46485260770974,Elite Weapon
"Mercado, Nelson",683319.0,OTT_TIT,Four-Seam,R,42,27,60.28072742232039,86.15591397849462,74.11278038572695,97.94608472400512,64.43034331134236,96.67422524565382,45,6,4,5.617215786567016,RHH,Right-Handed Killer,19.20557395061728,12.62073901234568,87.8185487654321,2126.133588888889,5.666295925925926,5.812977654320988,2.833291975308642,39.596774193548384,32.66129032258064,Arm-Side Run Power,2,50.145618900256686,51.33319937272979,59.145880574452,14.28472441108567,70.47088989042496,97.58125472411189,Elite Weapon
"Garcia, Hector",815312.0,WAS_WIL3,Splitter,L,59,13,72.74938433338859,97.8494623655914,44.992891110657865,33.24775353016688,64.42243636656937,96.5986394557823,46,1,1,,,,11.710719032258064,7.632015645161291,78.2026027419355,1216.2821867741936,5.923504193548387,5.863632580645162,0.8772966129032258,66.12903225806451,76.88172043010752,Soft-Speed Separation,0,56.02718163618122,70.70459357695367,97.43008314436888,8.395254730388153,62.0309171001209,88.35978835978835,Elite Weapon
"Correa, Nelvin",673388.0,QUE_CAP,Cutter,R,41,24,71.4904701445458,97.31182795698923,47.737040223801074,45.31450577663672,64.36444116832237,96.5230536659108,47,2,1,2.236228187633465,Balanced,Balanced Weapon,12.149872613636363,-0.5607810227272728,87.24007136363637,2242.4874954545453,5.980144886363636,6.200545227272727,1.5780910227272726,46.53225806451613,44.22043010752688,Glove-Side Power Break,1,48.92792162633878,47.32261664606868,41.00529100529101,15.436519541983593,72.12148325312512,98.0347694633409,Command/Deception Weapon
"Hocom, Quinn",1000152021.0,TRI_VAL,Changeup,L,52,18,66.01557706493142,94.22043010752688,60.00650627822373,85.2374839537869,64.2128558289191,96.44746787603933,48,7,6,,,,6.436047534246575,17.47827876712329,78.14508410958904,1996.4170657534244,5.660503561643836,6.068291643835617,1.9811576712328764,69.2741935483871,82.1236559139785,Soft-Speed Separation,0,52.14943247428651,57.93291859653654,79.8941798941799,12.06342335463259,67.2876286645488,95.61602418745277,Elite Weapon
"Maietta, Dante",1000137704.0,WIN_CIT29,Changeup,L,114,34,63.762645308661725,91.39784946236558,64.8565784555355,92.23363286264444,64.09082525272385,96.3718820861678,49,8,7,-4.127818181167079,LHH,Balanced Weapon,15.574817486910996,13.839604136125656,77.95555968586388,1859.2760020942408,6.2937344502617805,6.344671151832461,1.250559162303665,73.95161290322581,89.91935483870968,Soft-Speed Separation,0,53.08205610707972,61.00458863495408,85.29856386999244,11.008769145644123,65.77624422594377,94.02872260015116,Elite Weapon
"Harris, Everette",810834.0,TRI_VAL,Changeup,L,56,27,68.99828669986968,96.23655913978494,51.62287530917783,60.65468549422336,63.78566328266212,96.2207105064248,51,9,8,-1.2493483338747635,Balanced,Balanced Weapon,2.1159272916666665,16.571247500000002,82.585815,2144.114373958333,6.542310416666666,4.118579375,3.734389270833333,57.58064516129032,62.634408602150536,Soft-Speed Separation,0,54.09610303770927,64.34443277447605,91.7989417989418,9.689560244952853,63.885736619961406,91.60997732426304,Elite Weapon
"Garcia, Hector",815312.0,WAS_WIL3,Slider,R,36,12,56.77463339912688,77.68817204301075,80.0,99.87163029525033,63.74224337938881,96.14512471655328,52,30,23,,,,2.037762321428571,-7.141664821428571,77.30437321428572,2355.122507142857,5.7208942857142855,5.858875892857143,0.9214630357142858,77.98387096774194,96.63978494623656,Tight High-Spin Breakers,3,57.03994518759521,74.04021080505527,98.2615268329554,6.702298191793602,59.60480610956172,84.12698412698413,Elite Weapon
"Rodriguez, Joe Joe",689487.0,NEW_JER6,Four-Seam,R,36,22,63.21638528456844,90.7258064516129,64.96263034468643,92.49037227214376,63.74025880260383,96.0695389266818,53,7,5,1.985725044699592,Balanced,Balanced Weapon,16.75912552238806,13.563143582089554,91.5269628358209,2136.545180597015,5.80839447761194,5.745301940298507,2.272111343283582,25.161290322580648,8.60215053763441,Arm-Side Run Power,2,49.29518960240164,48.53224290737606,46.59863945578231,14.445069200202193,70.70067384901225,97.73242630385488,Command/Deception Weapon
"Sechrist, Zander",801415.0,WAS_WIL3,Slider,L,34,17,68.51084059760254,95.96774193548389,52.31858515994704,62.90115532734275,63.65316396630589,95.99395313681028,54,31,8,-4.779717260274019,LHH,Balanced Weapon,1.3184755,9.707539166666669,68.25054166666666,1831.4866,5.117579166666667,4.937673333333334,-2.6345628333333333,79.59677419354838,99.32795698924733,Soft-Speed Separation,0,57.164481737604255,74.45038182785574,98.37490551776266,6.488682228701634,59.29868127764692,83.21995464852607,Elite Weapon
"Helt, Robert",836007.0,LAK_ERI24,Slider,R,137,42,56.79193753907055,77.82258064516128,79.64897499392514,99.10141206675225,63.64904877552693,95.91836734693877,55,32,24,12.620439608564196,RHH,Right-Handed Killer,-1.2631094366197182,-5.117892582159625,81.05430779342723,2411.184980751174,5.746024319248827,6.392160281690141,2.19348661971831,68.06451612903226,80.10752688172043,Tight High-Spin Breakers,3,53.85199169034016,63.5404326554723,90.74074074074076,9.797057085186772,64.03978621284605,91.83673469387756,Elite Weapon
"Smith, Jackson",1000333915.0,MIS_MUD,Slider,R,65,32,65.89444774084664,93.81720430107528,57.64663868452621,79.65340179717587,63.42010502395051,95.84278155706728,56,33,25,3.5614567123610144,RHH,Balanced Weapon,1.6703444339622642,-10.321521132075471,77.87750047169811,2663.070596226415,4.785163773584905,3.9320593396226418,4.088335094339622,77.90322580645162,96.50537634408605,Tight High-Spin Breakers,3,57.44722658711688,75.38162445588529,98.82842025699168,5.972878436833632,58.55950267506925,81.33030990173847,Elite Weapon
"Sechrist, Zander",801415.0,WAS_WIL3,Curveball,R,46,21,67.74654269741038,95.56451612903226,52.96685423306907,65.2759948652118,63.31263615810798,95.76719576719576,57,4,2,,,,-0.6520465714285714,9.581204,66.58301,1803.7133285714287,4.940899428571428,4.969192571428572,-2.5992982857142857,79.91935483870967,99.86559139784946,Soft-Speed Separation,0,46.753786996124745,40.16193149045752,13.303099017384731,16.558849161983233,73.72985072390009,98.63945578231292,Command/Deception Weapon
"Lovell, Justin",822485.0,WIN_CIT29,Sinker,L,59,25,72.24073370271053,97.71505376344086,42.23423310127288,21.501925545571247,63.23878352227923,95.69160997732426,58,2,1,-1.9141075518106088,Balanced,Balanced Weapon,12.582145505617978,-15.156686966292137,93.19849,2267.695056179776,6.286889213483146,5.182015280898876,-2.744110674157304,37.74193548387097,29.56989247311828,Glove-Side Power Break,1,52.281986777713946,58.36949672728999,80.30990173847317,10.95679674456528,65.70176457416973,93.95313681027967,Elite Weapon
"Gregory, Ben",833406.0,GAT_GRI,Four-Seam,R,73,18,63.62251059984246,91.12903225806453,62.30775767033312,88.96020539152761,63.228084720989656,95.61602418745277,59,8,6,,,,15.703984888888888,13.632725,88.84142077777777,2228.4795066666666,6.464910777777777,5.9384380000000005,2.0915642222222224,37.58064516129032,29.301075268817208,Arm-Side Run Power,2,47.67866154527277,43.20807930616794,22.826908541194253,15.549423175716887,72.28328111410377,98.1859410430839,Command/Deception Weapon
"Simpson, Garret",1000073158.0,EVA_OTT,Curveball,R,37,20,62.26122220278049,89.38172043010752,65.22245597009112,92.81129653401796,63.14959233297367,95.54043839758126,60,5,3,7.293474907850111,RHH,Right-Handed Killer,-12.247666063829788,-13.337102127659572,76.83790436170213,2693.316889361702,5.19347170212766,5.490380425531916,1.888497872340425,76.61290322580646,94.35483870967742,Tight High-Spin Breakers,3,52.38111699417756,58.69598997183835,81.06575963718821,10.768475338796108,65.43188840081359,93.34845049130764,Elite Weapon
"Foster, Kobe",816330.0,WAS_WIL3,Four-Seam,L,133,124,61.28893289274269,87.76881720430107,67.43586535928125,94.09499358151476,63.13301263270425,95.46485260770974,61,9,3,-1.2126856314629677,Balanced,Balanced Weapon,20.94639807365439,-9.750962917847026,86.8063354957507,2200.4416895184136,5.818661133144476,6.195734249291784,-1.2182304532577903,52.096774193548384,53.494623655913976,Glove-Side Power Break,1,50.73785705078159,53.28378277916436,67.23356009070295,12.395155581922658,67.76302137794903,95.84278155706728,Elite Weapon
"Leak, Anthony",1000264276.0,NEW_YOR13,Changeup,L,51,15,62.88588279346133,90.59139784946235,63.57256266765937,90.7573812580231,63.091886755720736,95.38926681783823,62,10,9,,,,5.6525615,10.648849666666669,82.88178033333334,1717.6605816666668,6.5484795,5.533646833333333,1.7105586666666668,55.24193548387097,58.73655913978495,Soft-Speed Separation,0,51.357052236599486,55.323151323271325,74.22524565381708,11.73483451912125,66.81674062517189,95.31368102796677,Elite Weapon
"Villers, Ian",677351.0,QUE_CAP,Slider,R,52,11,59.10371290578459,84.13978494623656,71.85480451907333,97.36842105263158,62.9290403897712,95.31368102796677,63,34,26,,,,-0.3208289393939394,-5.14844893939394,82.26092181818181,2117.433587878788,5.93743,6.259329999999999,1.4097289393939394,62.25806451612903,70.43010752688173,Tight High-Spin Breakers,3,52.24449125311164,58.24600223771685,80.04535147392289,10.684549136659562,65.3116169840598,93.27286470143612,Elite Weapon
"Gregory, Ben",833406.0,GAT_GRI,Slider,R,49,15,61.85621769573284,88.97849462365592,64.86440715761337,92.29781771501926,62.758674534296986,95.23809523809524,64,35,27,,,,1.3223261666666666,-4.939803833333333,79.64258833333334,2361.906668333333,6.1883626666666665,5.5397878333333335,2.4302775000000003,73.14516129032259,88.5752688172043,Tight High-Spin Breakers,3,57.55362351465073,75.73205119073715,98.94179894179894,5.205051019646255,57.4591586950416,77.47543461829176,Elite Weapon
"Wehrle, Tyler",806332.0,WIN_CIT29,Four-Seam,L,80,50,59.23802113243323,84.54301075268818,70.88074622460852,96.72657252888318,62.730838660085816,95.16250944822372,65,10,4,-1.8242304919221723,Balanced,Balanced Weapon,16.48209754237288,14.041585550847458,91.3452245338983,2321.599954661017,5.657934025423729,5.760217415254237,1.5760111440677966,27.741935483870968,12.903225806451612,Arm-Side Run Power,2,48.74365655897514,46.71572500549047,37.90627362055933,13.987182101110676,70.04449343432574,97.27891156462584,Command/Deception Weapon
"Salata, Derek",1000057774.0,SCH_BOO,Curveball,R,56,19,66.0286110246594,94.35483870967742,54.79477486197357,72.20795892169448,62.65846017585365,95.08692365835223,66,6,4,3.081687797354107,RHH,Balanced Weapon,-12.469783975903615,-13.550729759036145,74.73371361445783,2677.7534927710844,5.461322771084337,6.287710963855421,1.0843403614457832,78.87096774193549,98.11827956989248,Tight High-Spin Breakers,3,51.70769816131796,56.47803153773161,77.43764172335601,10.950762014535693,65.69311643435273,93.87755102040816,Elite Weapon
"Martinez, Mason",809209.0,TRI_VAL,Slider,R,89,35,59.14347320220865,84.40860215053763,70.65021031553871,96.53401797175869,62.59549433620767,95.01133786848072,67,36,28,6.704567895773934,RHH,Right-Handed Killer,6.419207196969697,0.1009975757575757,83.26583098484849,2349.487888636364,6.400489545454546,5.254459696969697,2.712698636363636,55.7258064516129,59.543010752688176,Glove-Side Power Break,1,55.984661340235135,70.56454960370473,97.1655328798186,6.610832995972537,59.47373085052444,83.5978835978836,Elite Weapon
"Duby, Bill",1000270408.0,NEW_JER6,Slider,R,43,27,58.60551089905538,82.39247311827957,71.78613215017577,97.30423620025674,62.559697274391496,94.93575207860924,68,37,29,,,,7.674388571428571,0.2673092063492063,79.60976920634921,2053.2953857142857,6.6117196825396825,5.486189841269841,3.0871196825396825,64.75806451612902,74.59677419354838,Glove-Side Power Break,1,57.87639886993061,76.79513747022952,99.01738473167045,4.683298404460885,56.71145506225662,75.58578987150416,Elite Weapon
"Glickstein, Aaron",1000292360.0,SCH_BOO,Sinker,R,60,30,63.53826919606794,90.99462365591395,59.896140005524536,85.04492939666238,62.445630438904914,94.7845804988662,70,3,2,4.661909537859444,RHH,Balanced Weapon,9.353743647058824,14.148508470588236,88.547422,2163.982725882353,6.086754117647059,5.234164705882353,2.35872,32.903225806451616,21.50537634408602,Arm-Side Run Power,2,46.719740053341575,40.049795179120906,13.038548752834467,15.72589038556334,72.5361694945918,98.4126984126984,Command/Deception Weapon
"Maryniak, Connor",831880.0,NEW_JER6,Curveball,R,59,29,61.84596249635934,88.84408602150538,63.71747212676576,91.01412066752246,62.40741538548127,94.70899470899472,71,7,5,5.048793306297853,RHH,Right-Handed Killer,-8.920729999999999,-4.628435867768595,81.63192388429752,2506.4184421487603,4.977947355371901,6.050321570247934,1.7757735537190082,61.29032258064517,68.81720430107528,Tight High-Spin Breakers,3,51.63585039426638,56.24139520811323,76.07709750566893,10.771564991214897,65.43631606302425,93.42403628117914,Elite Weapon
"Valdez, Alex",677678.0,EVA_OTT,Cutter,R,43,15,67.9422346631519,95.83333333333334,49.01013130460436,50.96277278562259,62.262603655587625,94.6334089191232,72,3,2,,,,4.585637142857143,-1.271240892857143,86.30522392857142,2085.024875,5.323536607142857,6.01363,1.939212321428572,50.7258064516129,51.20967741935484,Tight High-Spin Breakers,3,48.92836042244559,47.32406185591205,41.118669690098265,13.334243233142033,69.10879182142016,96.74981103552533,Command/Deception Weapon
"Nova, Fraynel",805843.0,LAK_ERI24,Slider,R,126,54,54.91373588754797,71.50537634408603,79.3965429940813,98.90885750962772,62.258578019507965,94.5578231292517,73,38,30,11.506995689616204,RHH,Right-Handed Killer,-0.4729784644194756,-6.676110299625468,80.58893947565544,2273.202726966292,5.619656254681648,5.792993782771536,1.3875953558052434,68.62903225806451,81.04838709677419,Tight High-Spin Breakers,3,53.665488125352205,62.9261683451033,89.15343915343915,8.59308989415576,62.31442707464991,89.26681783824641,Elite Weapon
"Binns, Malik",702238.0,NEW_JER6,Curveball,R,28,13,65.60606991997636,93.14516129032258,54.085638836448126,69.83311938382542,62.14994059491789,94.4066515495087,75,8,6,3.0221702078310884,RHH,Balanced Weapon,-7.552233454545455,-16.192382,74.82743545454547,2448.3027,5.951959272727272,5.963799272727273,1.101261090909091,79.03225806451613,98.38709677419357,Tight High-Spin Breakers,3,50.75847323049901,53.35168380517096,68.06500377928948,11.39146736441888,66.32467434418393,94.7845804988662,Elite Weapon
"Parsons, Billy",698892.0,SUS_COU1,Changeup,L,43,17,67.812177587384,95.6989247311828,48.690910161493136,49.61489088575096,62.07579735961674,94.25547996976567,77,12,10,,,,1.6910075409836065,7.823362295081967,80.85193262295081,1427.7513065573771,5.489640983606558,5.6674139344262295,1.362876393442623,53.70967741935483,56.18279569892473,Soft-Speed Separation,0,50.70209545624851,53.16599912604772,66.74225245653818,11.373701903368236,66.29921534430724,94.70899470899472,Elite Weapon
"Dill, Austin",1000429156.0,TRI_VAL,Slider,R,60,19,58.36023001245736,81.45161290322581,70.58051605416472,96.46983311938384,62.02631582496956,94.17989417989418,78,39,31,,,,1.6299634285714286,-3.695962285714285,79.32164142857143,2564.6119128571427,4.971446,6.148398285714285,1.666458714285714,73.06451612903226,88.44086021505376,Tight High-Spin Breakers,3,53.14988370990252,61.22798423425333,85.78987150415722,8.87643211506704,62.72047392852425,89.87150415721844,Elite Weapon
"Langhorne, Miles",695680.0,SUS_COU1,Four-Seam,R,40,21,58.59318577122598,82.25806451612904,69.91897689684154,96.0847240051348,61.99092310891065,94.10430839002268,79,11,7,4.792801619941159,RHH,Balanced Weapon,14.174214428571428,3.7800477142857134,93.92540071428571,2304.484337142857,6.502676,6.004582714285714,1.2088032857142856,22.741935483870968,4.56989247311828,Arm-Side Run Power,2,48.45462964566261,45.76379190117971,33.14436885865457,13.536293463248043,69.39834224562192,96.90098261526832,Command/Deception Weapon
"Drakeford, Dosie",836144.0,NEW_JER6,Changeup,L,54,14,65.96355447284866,93.9516129032258,52.61274414117492,63.928112965340176,61.95831137334653,94.02872260015116,80,13,11,,,,10.048540845070423,14.747015492957749,81.53502450704225,1852.06313943662,6.144582253521127,5.738498309859155,1.167721690140845,61.20967741935483,68.68279569892472,Soft-Speed Separation,0,50.55953510146743,52.69646527010661,66.13756613756614,11.3987762718791,66.33514845873678,94.86016628873772,Elite Weapon
"Cooper, Garrett",1000327042.0,NEW_YOR13,Changeup,L,114,49,63.80512103085006,91.53225806451611,57.53459750825095,79.33247753530168,61.92396397407032,93.95313681027967,81,14,12,-2.8122190601688217,Balanced,Balanced Weapon,8.381816414141415,7.421612222222222,77.46104075757576,1394.569846969697,6.44191101010101,5.692200808080808,1.7299813636363637,69.75806451612902,82.93010752688173,Soft-Speed Separation,0,55.39918730255226,68.6362443403739,96.03174603174604,6.524776671518062,59.35040683729286,83.29554043839758,Elite Weapon
"Colon, Jeffrey",681738.0,TRO_AIG,Sinker,R,26,17,64.26338634334012,92.33870967741936,56.408288421243086,76.25160462130937,61.90685696671101,93.80196523053664,83,4,3,1.3295659044909556,Balanced,Balanced Weapon,13.90886982142857,17.741614464285714,90.1649375,2261.9668892857144,5.606242678571428,6.096117678571429,2.126033571428571,28.387096774193544,13.978494623655912,Arm-Side Run Power,2,46.2655799926563,38.55398293289383,10.619803476946334,15.641276974054712,72.41491326448195,98.33711262282692,Command/Deception Weapon
"Bice, Emmett",828456.0,NEW_YOR13,Slider,R,127,79,57.68363869515253,79.43548387096774,71.74487448245337,97.17586649550704,61.90200943134278,93.72637944066516,84,40,32,9.767551981979572,RHH,Right-Handed Killer,2.061440307692308,-2.655160076923077,82.86349669230769,2385.879552692308,5.6748716923076925,6.034034884615385,1.4788205,63.46774193548387,72.44623655913979,Tight High-Spin Breakers,3,52.40549310430707,58.77627462741128,81.21693121693121,9.496516327035714,63.60909279583336,91.23204837490552,Elite Weapon
"Long, Maddox",1000248716.0,WAS_WIL3,Slider,R,137,45,58.51886017695627,81.85483870967742,69.4506466913412,95.50706033376125,61.798396131271744,93.57520786092216,86,41,33,8.372340250875297,RHH,Right-Handed Killer,2.8225514666666665,-8.621003333333334,82.76038799999999,2597.513281777778,5.5207641333333335,5.857793066666667,1.5228258222222222,67.25806451612902,78.76344086021506,Tight High-Spin Breakers,3,53.82991562744533,63.46772338822248,90.51398337112624,7.968480503826413,61.41932334804007,87.52834467120182,Elite Weapon
"Garcia, Andrew",1000190083.0,EVA_OTT,Slider,R,143,36,60.36397751419922,86.4247311827957,64.87146683731581,92.3620025673941,61.71622431113419,93.42403628117914,88,42,34,6.99190397078646,RHH,Right-Handed Killer,2.2467924074074075,-7.206125277777778,82.19985921296296,2330.5964222222224,5.386182546296296,5.2981562962962965,1.955845138888889,65.64516129032259,76.0752688172043,Tight High-Spin Breakers,3,52.7812821248861,60.01396562589236,84.16477702191987,8.934942186248094,62.8043224642159,90.09826152683296,Elite Weapon
"Balzan, Jackson",827496.0,SUS_COU1,Slider,L,51,18,66.63353919467977,94.89247311827955,50.1637629333099,55.26315789473685,61.69260631626881,93.34845049130764,89,43,9,,,,4.635377384615385,1.3206644615384615,79.55180276923078,2165.10374,5.235127384615384,5.360350615384616,-1.0377467692307694,69.91935483870968,83.1989247311828,Tight High-Spin Breakers,3,52.018603090718784,57.502021626398594,78.98715041572184,9.674003225550024,63.86344245298599,91.45880574452003,Elite Weapon
"Fauci, Sonny",688649.0,NEW_JER6,Slider,R,60,15,62.77072204923903,90.45698924731182,59.10469318988378,83.1193838254172,61.67091339143246,93.27286470143612,90,44,35,4.78906331046273,RHH,Balanced Weapon,-2.507014942528736,-7.483132528735632,83.38007114942529,2331.2135988505747,5.949357816091953,5.9318140229885055,2.135068735632184,60.564516129032256,67.60752688172043,Tight High-Spin Breakers,3,53.11078956612726,61.099224565412,85.44973544973546,8.560123825305197,62.2671846675765,89.1912320483749,Elite Weapon
"Garcia, Brett",702286.0,OTT_TIT,Curveball,R,60,19,66.12384377097464,94.48924731182797,51.13228298805543,58.92169448010269,61.62637553609888,93.19727891156462,91,9,7,2.008777915229828,Balanced,Balanced Weapon,-16.869570384615386,-8.012739807692308,81.26895740384614,2136.612308653846,5.381874519230769,6.103806346153846,1.1805567307692308,55.88709677419354,59.81182795698925,Tight High-Spin Breakers,3,51.09782390194974,54.46936220550289,72.07105064247922,10.52855163414914,65.08806295493244,92.97052154195012,Elite Weapon
"Mannering, Shawn",1000457814.0,DOW_EAS1,Sinker,L,27,15,62.65443567800297,90.05376344086021,59.05878712842903,82.86264441591784,61.57574111313079,93.12169312169311,92,5,2,-0.5266421310939506,Balanced,Balanced Weapon,13.51220661016949,18.55734440677966,89.13675237288136,2231.0259694915253,5.822554406779661,5.100436271186441,1.920502372881356,32.096774193548384,20.161290322580644,Arm-Side Run Power,2,48.54478870132816,46.06073791481488,34.73167044595616,13.03095241180263,68.67415739447964,96.2207105064248,Command/Deception Weapon
"Cohn, Cooper",1000301881.0,NIU_HUS,Slider,R,27,12,58.06239103848512,80.51075268817203,69.72346026388888,95.82798459563544,61.56071180610624,92.97052154195012,94,46,37,8.946208723696628,RHH,Right-Handed Killer,-1.2188149206349206,-13.693016031746032,78.92597190476191,2533.865233333333,5.400379047619047,5.697465555555556,0.9187114285714284,75.64516129032258,92.74193548387096,Tight High-Spin Breakers,3,56.025135070039546,70.69785304875134,97.3167044595616,5.535576736066695,57.93282240405552,79.44066515495088,Elite Weapon
"Vail, Tyler",592821.0,NEW_YOR13,Slider,R,121,22,58.76339634308313,82.93010752688173,68.08420006210001,94.86521181001284,61.55963745878819,92.8949357520786,95,47,38,4.850162428265904,RHH,Balanced Weapon,1.725389220779221,-2.4497623376623374,80.38224279220779,2269.214222727273,6.043167857142857,5.405320974025974,1.6123456493506494,70.08064516129032,83.46774193548387,Tight High-Spin Breakers,3,55.723001120887325,69.70275088045207,96.86318972033256,5.836636337900863,58.364259356022174,80.57445200302344,Elite Weapon
"Thompson, Ross",1000103401.0,SCH_BOO,Slider,R,181,60,53.58909961455908,66.93548387096774,80.0,99.80744544287548,61.51236973019135,92.81934996220711,96,48,39,16.903017563094913,RHH,Right-Handed Killer,3.6152394202898552,-2.3659014492753623,79.84201845410628,2053.8754789855075,5.254612125603865,5.22735038647343,2.7303550241545893,68.46774193548387,80.77956989247312,Tight High-Spin Breakers,3,52.41202821706234,58.79779854053359,81.51927437641724,9.10034151312901,63.0413498867332,90.62736205593347,Elite Weapon
"Harris, Ben",1000390130.0,GAT_GRI,Curveball,R,133,21,65.66962313491203,93.27956989247312,51.77506301611344,60.91142490372272,61.501255099272456,92.7437641723356,97,10,8,2.819418451084779,Balanced,Balanced Weapon,-14.198178292682927,-7.502254146341463,77.88122648780488,2125.8578878048784,4.989491219512195,6.440653365853659,0.6679053170731708,66.20967741935485,77.01612903225806,Tight High-Spin Breakers,3,50.98884336402018,54.1104261445259,71.01284958427816,10.51241173525228,65.06493348574199,92.81934996220711,Elite Weapon
"Heredia-Bustos, Rolando",837343.0,DOW_EAS1,Slider,R,227,120,56.46859550636447,77.28494623655914,72.97020242810105,97.62516046213094,61.41907758288545,92.66817838246408,98,49,40,11.289058523293749,RHH,Right-Handed Killer,6.712551544715447,-4.1768396747967484,78.73380094850948,2331.642729810298,5.292040325203252,5.4706518428184285,1.666219322493225,75.80645161290322,93.01075268817203,Tight High-Spin Breakers,3,54.84521531209322,66.81169357264436,94.89795918367348,6.573862270792233,59.42074952428003,83.44671201814059,Elite Weapon
"Shears, Tanner",808632.0,SCH_BOO,Four-Seam,R,118,35,62.413363055568254,89.65053763440861,59.00660130637835,82.73427471116817,61.39133453081128,92.5925925925926,99,15,9,2.361906562073365,Balanced,Balanced Weapon,16.825454829268292,12.259516,92.31464770731706,2037.7598395121952,5.185676176470588,5.819046975609756,2.4619014146341462,21.774193548387096,2.956989247311828,Arm-Side Run Power,2,49.94800054130565,50.68232760529118,57.256235827664405,11.443333989505623,66.39900241244648,95.01133786848072,Elite Weapon
"Smith, Jackson",1000333915.0,MIS_MUD,Changeup,L,51,22,56.342425860362845,76.34408602150538,73.080501190141,97.6893453145058,61.36384845929629,92.51700680272108,100,15,13,-10.896915047672756,LHH,Left-Handed Killer,-1.4282581578947369,17.64547605263158,80.28318289473684,2174.8983657894737,4.940318684210527,3.9157328947368426,3.913853157894736,59.75806451612903,66.26344086021506,Tight High-Spin Breakers,3,53.00533739176631,60.75190945020268,84.92063492063492,8.358511067529982,61.97826116816909,88.20861678004536,Elite Weapon
"Lefebvre, Charles",1000429097.0,TRO_AIG,Slider,R,79,16,56.4434672990606,77.01612903225806,72.51988396776915,97.49679075738126,61.26639229967316,92.36583522297808,102,50,41,,,,2.1519024742268043,-1.5814863917525772,81.90332195876289,2175.5186721649484,6.426814226804124,6.374381958762887,0.92002206185567,56.20967741935484,60.3494623655914,Glove-Side Power Break,1,54.4243348389694,65.42549029235917,92.97052154195012,6.8420574607037565,59.805089749812126,84.65608465608466,Elite Weapon
"Cooper, Garrett",1000327042.0,NEW_YOR13,Slider,R,57,22,56.55589880574801,77.41935483870968,71.75528942723936,97.24005134788187,61.11571599219541,92.29024943310658,103,51,42,,,,2.188034625,-3.621098875,80.984193125,2142.81728625,5.707614,5.5391315,1.524195,66.61290322580645,77.68817204301075,Tight High-Spin Breakers,3,53.27231829793155,61.63123227825626,86.24338624338624,7.843397694263864,61.24007197797143,87.1504157218443,Elite Weapon
"Ronne, Andrew",701809.0,GAT_GRI,Slider,R,74,19,62.75837906231537,90.32258064516128,57.16274404569032,78.36970474967909,61.079688557327856,92.21466364323508,104,52,43,6.395545097785359,RHH,Right-Handed Killer,0.3876097540983606,-14.663065737704915,81.35480360655738,2596.8056508196723,5.957136803278688,5.913370163934426,2.109044262295082,72.25806451612902,87.09677419354838,Tight High-Spin Breakers,3,57.01247952480641,73.94975046231126,97.99697656840512,4.067209032521447,55.82856104675528,73.16704459561603,Elite Weapon
"MacMillan, Blake",832350.0,TRO_AIG,Slider,L,57,12,61.73999040865428,88.5752688172043,59.188556807220245,83.31193838254171,60.97456032822406,92.06349206349206,106,53,10,-1.6317588462258923,Balanced,Balanced Weapon,5.801715000000001,-0.0396147916666666,79.46715645833333,1920.5335834375,5.2986765625,6.628446666666666,-0.4156103124999999,66.85483870967741,78.09139784946237,Soft-Speed Separation,0,50.04926197572682,51.01584018552369,58.23885109599395,10.925298352497236,65.65662543832123,93.80196523053664,Elite Weapon
"Bargo, Casey",1000057987.0,FLO_Y'A,Slider,R,48,15,57.8285963970018,79.97311827956989,67.1905437117468,93.96662387676508,60.63718059142529,91.91232048374906,108,54,44,,,,0.0007161666666666,-3.708592666666666,81.73298766666667,2326.980875,5.370984333333333,5.781641333333334,2.740744333333333,64.91935483870967,74.86559139784946,Tight High-Spin Breakers,3,52.14365721726943,57.913897328664085,79.81859410430839,8.493523374155863,62.17174211909635,88.81330309901739,Elite Weapon
"Eisenbarger, Jack",1000570067.0,QUE_CAP,Curveball,L,46,10,66.3582014392473,94.6236559139785,46.95460901985736,41.78433889602054,60.53712371343031,91.76114890400603,110,11,3,-1.4923938861455,Balanced,Balanced Weapon,-3.608552957746479,12.244684225352112,77.25473619718309,2811.981497183099,5.367594084507042,5.936845211267605,-1.976617323943662,76.29032258064517,93.81720430107528,Tight High-Spin Breakers,3,49.75137675792379,50.03473155151599,54.53514739229025,10.785746955506518,65.4566396913344,93.49962207105064,Elite Weapon
"Miner, Jace",701731.0,DOW_EAS1,Changeup,R,53,22,65.69638040744367,93.41397849462363,48.21320060935301,47.5609756097561,60.451426468016464,91.68556311413454,111,16,3,2.346734646183066,Balanced,Balanced Weapon,4.728012564102564,-12.717243205128206,84.06511756410256,1672.6609974358971,6.004969230769231,4.84136217948718,-3.224539230769231,47.983870967741936,46.63978494623656,Glove-Side Power Break,1,46.84514402505337,40.462823124222425,14.323507180650038,13.606282442963092,69.49864076423933,97.05215419501134,Command/Deception Weapon
"Tokar, Heitor",677573.0,OTT_TIT,Changeup,L,33,21,66.7005070096721,95.02688172043013,45.83208554008916,37.09884467265726,60.43998056879721,91.60997732426304,112,17,14,-3.126061904896062,LHH,Balanced Weapon,9.620179365079364,13.077685396825396,82.03543666666667,1387.0222523809523,6.069610952380953,6.659843492063492,2.4292361904761903,54.435483870967744,57.392473118279575,Soft-Speed Separation,0,50.99220167429917,54.12148700627223,71.16402116402116,9.447778894498043,63.5392490532235,91.08087679516252,Elite Weapon
"Wiltse, Ryan",813813.0,EVA_OTT,Changeup,R,32,37,63.68880926887981,91.26344086021506,52.691938877365175,64.69833119383826,60.389748151425415,91.53439153439152,113,18,4,1.8943334684028408,Balanced,Balanced Weapon,14.0724395,10.44408075,78.60208066666668,1844.2626041666667,6.384650166666666,6.324885083333333,1.17608775,72.74193548387098,87.90322580645162,Soft-Speed Separation,0,52.94875613270334,60.565554577681226,84.76946334089192,7.440992018722078,60.66339986038369,86.16780045351474,Elite Weapon
"Good, Ty",688612.0,GAT_GRI,Slider,R,132,30,60.50458245455128,86.55913978494624,59.94083147600863,85.10911424903723,60.33545716098848,91.45880574452003,114,55,45,,,,2.737916474358974,-0.8275228205128204,79.27884897435898,2067.306941025641,5.827447371794872,6.8297711538461545,0.2393117948717948,70.7258064516129,84.54301075268818,Tight High-Spin Breakers,3,52.77689674482162,59.99952202819928,84.05139833711263,7.558560416166863,60.83188261506801,86.47014361300076,Elite Weapon
"Brouwer, Adam",10998502.0,LAK_ERI24,Four-Seam,R,64,40,60.648929129015,87.09677419354838,59.53232665919604,83.82541720154045,60.313948388069306,91.38321995464852,115,17,11,7.286516863610224,RHH,Right-Handed Killer,19.324493541666666,10.1528709375,90.46634677083334,2244.45533125,5.898330625,5.963071666666667,1.6637629166666663,34.03225806451613,23.387096774193548,Arm-Side Run Power,2,50.34994924881343,52.00617761125179,63.37868480725624,9.963999139255876,64.27902445844202,92.13907785336356,Elite Weapon
"Perez, Kelvin",692487.0,WAS_WIL3,Slider,R,90,29,51.76217243235053,59.94623655913978,80.0,99.6790757381258,60.23352070264537,91.307634164777,116,56,46,,,,4.067306698113208,-4.551694056603774,81.50705066037735,2243.170204716981,5.801340377358491,5.927239716981132,1.300711886792453,67.66129032258064,79.43548387096774,Tight High-Spin Breakers,3,53.59618768292205,62.69792183152928,88.88888888888889,6.637333019723322,59.511707016720194,83.82464096749811,Elite Weapon
"Vitas, Ben",1000076969.0,JOL_SLA,Splitter,L,68,14,67.2691443985971,95.29569892473118,43.67560456391832,26.95763799743261,60.19108244819347,91.23204837490552,117,2,2,-0.6477219363386908,Balanced,Balanced Weapon,1.2884367346938776,7.295398571428572,81.48994326530612,1028.228003979592,5.0135227551020405,5.474672653061225,1.7629664285714286,47.58064516129032,45.96774193548387,Soft-Speed Separation,0,52.65614069708634,59.60180239002621,83.78684807256236,7.534941751107127,60.79803561334206,86.39455782312925,Elite Weapon
"Woolfolk, Dallas",663762.0,MIS_MUD,Slider,R,30,12,62.02568072826202,89.11290322580645,55.69113780849416,74.5186136071887,60.125317852331655,91.15646258503402,118,57,47,,,,0.5554539622641509,-1.2042911320754717,82.47971301886793,2299.441103773585,5.081182075471698,6.114570754716981,1.6965688679245283,60.88709677419354,68.14516129032258,Tight High-Spin Breakers,3,49.55316419296271,49.38190271936924,51.24716553287983,10.572153659368944,65.15054734256132,93.04610733182162,Command/Deception Weapon
"Willeman, Landon",812254.0,EVA_OTT,Changeup,L,108,49,61.00409954865025,87.5,58.062917737362326,81.0012836970475,60.12174500526388,91.08087679516252,119,19,15,-3.540945269195681,LHH,Balanced Weapon,6.527212922077922,14.30096987012987,84.1605774025974,1706.484162987013,6.264496558441559,5.371583506493506,2.1016829220779223,50.96774193548387,51.61290322580645,Soft-Speed Separation,0,50.28898080191523,51.80537318700065,62.09372637944066,9.832764203348653,64.09095671240634,92.06349206349206,Elite Weapon
"Baird, Dustin",1000027580.0,MIS_MUD,Slider,R,34,10,61.128594065828125,87.63440860215054,57.73715641624532,80.16688061617458,60.11116277095328,91.005291005291,120,58,48,,,,8.174804912280702,-9.034650350877191,81.25810350877194,2365.160880701754,5.868118596491228,6.392287894736842,1.968627719298245,63.38709677419354,72.31182795698925,Glove-Side Power Break,1,55.12888977008547,67.7459979400658,95.61602418745277,4.9822730008678064,57.13990407302862,76.41723356009071,Elite Weapon
"Messina, Chris",10179238.0,FDU_KNI,Changeup,R,52,16,65.83802411350953,93.5483870967742,46.58243897418488,40.05134788189987,60.06134857171213,90.9297052154195,121,20,5,,,,11.89090161764706,-17.96177794117647,79.82614985294117,1836.169319117647,5.177092058823529,5.326267647058823,-1.3016126470588234,63.9516129032258,73.25268817204301,Glove-Side Power Break,1,50.38107717882624,52.10869992209216,64.02116402116403,9.680271392885892,63.87242512284049,91.53439153439152,Elite Weapon
"Shears, Tanner",808632.0,SCH_BOO,Splitter,R,30,15,67.18491910103648,95.16129032258064,43.42886596502044,26.05905006418485,60.05810316023167,90.854119425548,122,3,1,0.1999796322918001,Balanced,Balanced Weapon,-1.0199221538461538,7.296384,82.01553476923077,902.9715086153848,5.082301538461539,5.855240923076924,2.468404,44.75806451612903,41.263440860215056,Soft-Speed Separation,0,51.50827536970939,55.82121672795994,75.2456538170824,8.54982779052228,62.25242981559031,89.1156462585034,Elite Weapon
"Henderson, Drew",1000429021.0,DOW_EAS1,Changeup,L,83,34,59.05055067768639,83.87096774193549,62.13363090373199,88.70346598202823,59.97547474550007,90.7785336356765,123,21,16,-2.90988944169861,Balanced,Balanced Weapon,9.30193761904762,13.802351190476193,81.59225238095237,1657.1777476190475,5.864949523809524,5.850897222222222,1.331761746031746,57.66129032258064,62.76881720430107,Soft-Speed Separation,0,50.284788762418174,51.79156637182869,61.791383219954646,9.6906859830819,63.88734987203557,91.68556311413454,Elite Weapon
"Marklund, Brandon",647282.0,OTT_TIT,Slider,R,72,19,57.92046236326234,80.24193548387096,64.76718564304686,92.0410783055199,59.97447934719769,90.702947845805,124,59,49,6.342604510726261,RHH,Right-Handed Killer,6.360011370967742,-14.17492435483871,79.64491620967742,2707.040933870968,4.872112016129032,5.508189596774193,2.485900483870968,77.25806451612902,95.43010752688171,Tight High-Spin Breakers,3,55.54208516098223,69.10688979139981,96.48526077097506,4.432394186215461,56.35189386408892,74.7543461829176,Elite Weapon
"Foster, Kobe",816330.0,WAS_WIL3,Slider,L,99,33,62.56028465766934,89.78494623655914,53.92196252345453,69.44801026957637,59.96878801740489,90.62736205593347,125,60,11,,,,4.98420186440678,5.85945593220339,78.03256084745762,2322.026647457627,5.40573279661017,5.985533644067797,-1.4834180508474577,74.59677419354837,90.99462365591395,Tight High-Spin Breakers,3,53.49666158860583,62.37012473181794,88.05744520030234,6.472126428799058,59.27495579669956,83.14436885865457,Elite Weapon
"Gamelin, Shaun",815222.0,JOL_SLA,Slider,R,34,12,52.00685448423872,61.02150537634409,78.35308050333933,98.78048780487804,59.9107222899689,90.47619047619048,127,61,50,13.342075584571958,RHH,Right-Handed Killer,2.24203515625,-1.4133990625,81.496661875,2287.3095296875,4.81051125,5.73072828125,1.88023265625,64.03225806451613,73.38709677419355,Tight High-Spin Breakers,3,49.753328840705215,50.04116089126395,54.686318972033256,10.157393449263688,64.55617041601697,92.36583522297808,Elite Weapon
"Hensey, Rob",802996.0,SUS_COU1,Changeup,L,38,49,59.12839836634158,84.2741935483871,61.58167955926082,88.06161745827985,59.86438272421735,90.40060468631896,128,23,17,-5.035222527152534,LHH,Left-Handed Killer,6.519960309734513,-16.052871017699115,84.19297699115043,1694.2564685840707,6.124023938053098,5.66206924778761,-2.5390206637168142,49.83870967741936,49.73118279569893,Glove-Side Power Break,1,47.19928626318901,41.62921872472998,17.649281934996218,12.66509646102834,68.14986328361495,96.14512471655328,Command/Deception Weapon
"Zaffiro, Cole",10994263.0,SCH_BOO,Four-Seam,L,85,51,58.44885557520071,81.58602150537635,62.854655084303886,89.53786906290115,59.77059542793165,90.17384731670444,131,18,7,-0.844447506627688,Balanced,Balanced Weapon,18.045618333333334,7.62720919047619,90.87499104761903,2170.962842380952,6.097042285714285,5.858942333333333,0.9396720952380953,31.774193548387093,19.62365591397849,Arm-Side Run Power,2,49.59362114142959,49.51515089374727,51.8140589569161,10.176974286502066,64.58423096178137,92.51700680272108,Command/Deception Weapon
"Widener, Jacob",683179.0,SUS_COU1,Slider,R,35,12,60.06506266265369,85.61827956989248,58.689483649473445,82.09242618741976,59.65238895869962,90.09826152683296,132,63,51,1.1852830926176663,Balanced,Balanced Weapon,3.2745225882352944,16.057255647058824,80.57405670588236,2857.058717647059,6.112000470588235,4.221316235294117,-4.434662705882353,72.33870967741936,87.23118279569893,Tight High-Spin Breakers,3,57.43057890543797,75.32679399349493,98.67724867724868,2.221810053261649,53.18399064965241,65.07936507936508,Elite Weapon
"Cartwright, Eli",1000304859.0,GAT_GRI,Four-Seam,L,49,41,60.17990543710194,86.02150537634408,58.28451968194674,81.45057766367138,59.61128971055537,89.94708994708994,134,19,8,-4.436180597679652,LHH,Balanced Weapon,18.511715575757577,-8.647714909090908,90.36775448484848,2105.6513400000003,6.432076121212122,5.164695454545455,-1.98291793939394,43.79032258064516,39.6505376344086,Glove-Side Power Break,1,49.86728180066027,50.41647401927746,56.42479213907785,9.744007909895096,63.96376347730549,91.76114890400603,Elite Weapon
"Cerda, Junior",693702.0,EVA_OTT,Sinker,R,39,30,60.790836174578224,87.23118279569893,56.842880342818944,77.15019255455712,59.60644942505044,89.87150415721844,135,9,6,5.531197541396949,RHH,Right-Handed Killer,12.103434743589744,16.48277346153846,93.58665205128204,2190.775011538461,5.373893205128206,5.1750864102564105,2.0576705128205126,20.40322580645161,0.6720430107526881,Arm-Side Run Power,2,47.85502547217683,43.78894791283873,24.98110355253213,11.751423952873616,66.84051430549754,95.38926681783823,Command/Deception Weapon
"Blair, Davis",836357.0,DOW_EAS1,Slider,R,61,19,50.86494091000237,55.77956989247311,80.0,99.3581514762516,59.60545863700165,89.79591836734694,136,64,52,10.636488313089323,RHH,Right-Handed Killer,3.5963564646464645,-5.853289090909091,81.92703404040404,2145.676063131313,5.11264797979798,5.611588080808081,0.9594122222222222,63.62903225806452,72.71505376344086,Tight High-Spin Breakers,3,50.38665459986191,52.12706960144032,64.13454270597127,9.218804037139734,63.21111397985658,90.7785336356765,Elite Weapon
"Brothers, Kellen",1000131959.0,SUS_COU1,Four-Seam,R,100,80,53.44345103183164,66.39784946236558,73.89674405519528,97.8818998716303,59.57943893884073,89.72033257747543,137,20,12,1.2331396786240063,Balanced,Balanced Weapon,18.38102333333333,14.343013205128203,89.32430384615384,2338.1492376068377,6.446739145299145,5.9714035897435895,2.6756735897435897,38.95161290322581,31.586021505376344,Arm-Side Run Power,2,49.4555439675364,49.06038275028214,49.09297052154195,10.123894971304331,64.50816503389909,92.21466364323508,Command/Deception Weapon
"Dill, Austin",1000429156.0,TRI_VAL,Changeup,L,107,36,55.190356092038016,72.17741935483872,69.59875634145801,95.7637997432606,59.51287616686402,89.49357520786091,140,24,18,-7.640675640469027,LHH,Left-Handed Killer,10.679965706521738,16.93944461956522,80.42368527173913,1930.1919782608693,5.238908369565218,6.195424510869565,1.7390617391304348,62.903225806451616,71.50537634408603,Soft-Speed Separation,0,49.68361644735397,49.81155758459878,53.552532123960695,9.829259719510048,64.08593457122123,91.98790627362057,Command/Deception Weapon
"Armstrong, Andrew",803262.0,NEW_YOR13,Slider,L,60,19,58.73622248063587,82.79569892473118,61.20874731070624,87.67650834403081,59.477979929656975,89.41798941798942,141,65,13,-7.151642104756206,LHH,Reverse Split Weapon,2.3957199047619047,7.971386571428571,79.67745914285715,2385.8575047619047,5.91617161904762,5.091910476190477,-2.406461333333333,71.04838709677419,85.08064516129032,Tight High-Spin Breakers,3,54.98151333622752,67.26060194501204,95.3514739229025,4.496466593429453,56.44371356990518,74.98110355253212,Elite Weapon
"Lawson, Nathan",1000569348.0,FLO_Y'A,Sinker,L,87,51,62.3757894749109,89.51612903225806,52.6206367523934,64.1206675224647,59.449243658155645,89.34240362811792,142,10,4,-2.2027345710722344,Balanced,Balanced Weapon,9.855210620689654,16.065869655172413,88.88573068965518,2192.8677820689654,6.144352206896552,5.444487310344828,1.920352551724138,31.61290322580645,19.35483870967742,Arm-Side Run Power,2,46.1238730302272,38.08725979247224,9.561602418745276,13.325370627928445,69.09607683167715,96.67422524565382,Command/Deception Weapon
"Brito, Richard",695870.0,NEW_ENG23,Slider,R,36,10,58.11693145635963,81.04838709677419,62.38684659732927,89.08857509627728,59.39790599865052,89.26681783824641,143,66,53,2.250580613483713,Balanced,Balanced Weapon,3.550484383561644,-6.026810547945206,81.67084835616438,2286.71134520548,6.091779726027397,6.295780684931507,2.214177534246576,68.87096774193549,81.45161290322581,Tight High-Spin Breakers,3,54.73831875550138,66.45962126979082,94.36885865457296,4.65958724314914,56.67747550770461,75.43461829176114,Elite Weapon
"Whitesell, Max",1000223610.0,FLO_Y'A,Slider,R,98,44,54.04182035331878,68.81720430107528,71.69570526340415,97.1116816431322,59.3379858263444,89.1156462585034,145,68,55,7.681195042518759,RHH,Right-Handed Killer,6.333138129496403,-4.273674532374101,80.21163604316547,2084.682476978417,6.313360863309352,5.037913812949641,2.904064820143885,62.33870967741935,70.56451612903226,Glove-Side Power Break,1,57.17012239249296,74.46895977292323,98.52607709750568,2.167863433851444,53.106681821415584,64.70143613000756,Elite Weapon
"Foy, Corbin",813822.0,LAK_ERI24,Four-Seam,R,47,19,65.03234252991155,92.8763440860215,46.03291406930197,37.61232349165597,59.33251399172867,89.04006046863189,146,21,13,1.7647596905641691,Balanced,Balanced Weapon,16.460386315789474,10.398229894736843,91.29729484210526,2336.5153231578947,6.149718105263157,5.303276947368421,1.8389270526315789,30.887096774193548,18.14516129032258,Arm-Side Run Power,2,49.11996603313054,47.95513015917919,43.42403628117914,10.21254795859813,64.63521022491028,92.5925925925926,Command/Deception Weapon
"Herbert, Andrew",1000083218.0,WAS_WIL3,Four-Seam,L,35,17,57.06625104468628,78.36021505376344,64.5521421009712,91.84852374839538,59.31201836157176,88.9644746787604,147,22,9,,,,15.806175454545455,10.937136909090908,91.21207363636364,2226.311732727273,6.430249636363636,6.016896727272727,2.027302727272727,29.758064516129032,16.263440860215052,Arm-Side Run Power,2,48.49623905421386,45.90083579441708,33.93801965230537,10.8157793073579,65.49967790125766,93.57520786092216,Command/Deception Weapon
"Anderson, Colt",1000568252.0,WAS_WIL3,Four-Seam,L,92,83,61.370225309770426,88.03763440860214,54.22359732613176,70.53915275994865,59.22623691467882,88.88888888888889,148,23,10,-0.4778641133953556,Balanced,Balanced Weapon,11.525818370044052,-7.0171040969163,88.68782577092512,2043.494643171806,6.740350969162996,5.886826035242291,-2.4645942731277533,44.596774193548384,40.99462365591398,Glove-Side Power Break,1,44.95694879276768,34.243902095678365,4.421768707482993,14.269288121911138,70.44876873730259,97.50566893424036,Command/Deception Weapon
"MacMillan, Blake",832350.0,TRO_AIG,Four-Seam,R,80,40,62.60013062998079,89.91935483870968,51.3133172635313,59.563543003851095,59.21408662004594,88.81330309901739,149,24,14,5.013131876469082,RHH,Right-Handed Killer,21.68074007751938,-6.031881550387596,88.32321348837209,2199.393337984496,5.548776976744186,6.69822,-0.0194866666666666,47.66129032258064,46.10215053763441,Glove-Side Power Break,1,51.69744696507814,56.444268408382776,77.286470143613,7.516639654967797,60.77180758233144,86.31897203325775,Elite Weapon
"Morgan, Cooper",692707.0,QUE_CAP,Slider,L,38,20,60.35011896565148,86.29032258064517,56.46080104573758,76.37997432605906,59.18332358967731,88.73771730914588,150,69,14,,,,3.237038181818182,11.787755090909092,78.22577490909092,2501.275967272727,5.496810181818182,4.762873454545455,-4.290863272727273,73.87096774193549,89.78494623655914,Tight High-Spin Breakers,3,54.69792058258994,66.32656667737476,93.95313681027967,4.4854030070873705,56.427858769260496,74.90551776266062,Elite Weapon
"Villers, Ian",677351.0,QUE_CAP,Splitter,R,25,20,64.62350845817839,92.47311827956987,46.455266085514864,39.85879332477536,59.17303574637933,88.66213151927438,151,6,3,0.8837840198382096,Balanced,Balanced Weapon,7.53466078125,11.53408984375,83.1173184375,1085.56345953125,5.9820428125,6.5333834375,1.1023403125,48.064516129032256,46.774193548387096,Soft-Speed Separation,0,53.45896747948261,62.24597618834618,87.71730914588058,5.714068266896717,58.1886117611928,80.04535147392289,Elite Weapon
"Sabatine, Gino",1000229070.0,TRI_VAL,Sinker,L,36,19,59.05054891691487,83.73655913978494,58.83825546338748,82.22079589216945,58.98686088085665,88.28420256991686,156,11,5,,,,9.458431296296297,14.015529629629633,88.18236296296297,1890.242353703704,5.026216851851852,5.866474259259259,1.8490603703703703,42.822580645161295,38.03763440860215,Soft-Speed Separation,0,41.01033876361,21.245428377427764,0.3779289493575208,17.976522117246652,75.76146338457619,98.94179894179894,Command/Deception Weapon
"Langhorne, Miles",695680.0,SUS_COU1,Slider,R,31,14,58.55379644687515,82.1236559139785,59.95736564669208,85.17329910141207,58.97486720682023,88.20861678004536,157,70,56,5.753530334036476,RHH,Right-Handed Killer,0.0200218032786885,-3.07087,86.8480781967213,2486.6170918032785,5.895105081967213,5.775641639344262,1.883611147540984,52.33870967741935,53.89784946236559,Tight High-Spin Breakers,3,51.07839813797999,54.405381908348566,71.61753590325019,7.89646906884024,61.31612652645424,87.3771730914588,Elite Weapon
"Plumadore, Carson",1000207816.0,WIN_CIT29,Slider,R,65,26,58.07186233037667,80.64516129032258,60.683304649615,86.5211810012837,58.85529502614817,87.98185941043084,160,72,58,4.152231138354509,RHH,Balanced Weapon,2.730504375,-5.299574166666667,75.887568125,2445.378340625,5.481669687499999,4.3069403125,4.120966770833333,78.9516129032258,98.252688172043,Tight High-Spin Breakers,3,59.74985631942128,80.0,99.73544973544972,-0.8945612932731137,48.71803856988527,46.334089191232046,Development Target
"Ginn, Landon",701061.0,WAS_WIL3,Four-Seam,R,59,44,53.95735116379113,68.41397849462365,70.2522447964968,96.27727856225933,58.845819253602826,87.90627362055933,161,27,16,9.368725392090935,RHH,Right-Handed Killer,15.717087560975608,3.6536245528455287,91.8730105691057,2597.031537398374,5.686028373983739,6.438987235772357,0.654890162601626,32.5,20.833333333333336,Arm-Side Run Power,2,48.6853943890628,46.523833919525885,36.77248677248677,10.160424864540026,64.56051462081562,92.4414210128496,Command/Deception Weapon
"Belton, Hunter",10294453.0,MIS_MUD,Slider,R,75,22,49.73858705554709,51.344086021505376,80.0,99.29396662387676,58.817010938882966,87.83068783068782,162,73,59,,,,6.451122525252525,-2.5553682828282827,78.51569595959596,2107.5793404040405,5.822019595959596,6.092227070707071,1.0429552525252526,74.51612903225806,90.86021505376344,Tight High-Spin Breakers,3,54.96738361949629,67.21406460024774,95.23809523809524,3.849627319386677,55.51675305077495,72.33560090702947,Elite Weapon
"Pardinho, Eric",672078.0,OTT_TIT,Slider,R,96,33,54.08668279910382,69.22043010752688,69.7929287205386,95.9563543003851,58.79855657553425,87.67951625094483,164,74,60,12.778947717198598,RHH,Right-Handed Killer,5.593506829268293,2.049868292682927,86.6515575609756,2351.9808422764227,5.759397723577236,5.53815,1.441028536585366,52.82258064516129,54.704301075268816,Tight High-Spin Breakers,3,50.14757985564309,51.33965793510724,59.44822373393802,8.650976719891162,62.397382461231686,89.34240362811792,Elite Weapon
"Correa, Nelvin",673388.0,QUE_CAP,Four-Seam,R,37,23,66.47344122626791,94.75806451612904,40.80078704422682,15.982028241335044,58.77164497165558,87.60393046107332,165,29,17,1.3908251790396875,Balanced,Balanced Weapon,15.398901733333332,7.204628666666667,89.1157172,2109.7192266666666,5.972416133333334,6.286615733333333,1.4194166666666663,35.483870967741936,25.806451612903224,Arm-Side Run Power,2,47.9283179326412,44.03034245500366,26.56840513983371,10.843327039014383,65.53915549741157,93.65079365079364,Command/Deception Weapon
"Parsons, Billy",698892.0,SUS_COU1,Cutter,L,39,18,63.966771943657285,91.8010752688172,46.60681195068664,40.2439024390244,58.75878394576609,87.52834467120182,166,6,3,,,,9.519108214285714,-2.857969642857143,86.30232660714286,2551.9689803571428,5.560212321428572,5.781302321428571,1.3219664285714283,58.54838709677419,64.24731182795699,Tight High-Spin Breakers,3,47.867871915432254,43.83125869444496,25.472411186696903,10.890912030333835,65.6073477207758,93.72637944066516,Command/Deception Weapon
"Webster, Evan",804248.0,FLO_Y'A,Slider,L,75,21,58.83606863673508,83.06451612903226,58.57680284509666,81.83568677792042,58.75828889924355,87.45275888133031,167,75,15,-4.159698603299873,LHH,Balanced Weapon,2.965368454545455,0.8701535454545455,81.3744308181818,1960.2255363636364,6.823887181818182,5.823842181818182,-2.6349738181818183,64.43548387096774,74.05913978494624,Soft-Speed Separation,0,54.99598885923869,67.30827823023623,95.5026455026455,3.76230004000486,55.391607680853205,71.95767195767195,Elite Weapon
"Riedel, Caleb",1000120428.0,SCH_BOO,Sinker,L,26,19,64.94338534993526,92.60752688172045,44.15265862365813,29.13992297817715,58.70616733205211,87.3015873015873,169,12,6,-0.6332851435356375,Balanced,Balanced Weapon,16.166376875,-16.08375625,88.6555115625,2329.603840625,5.9778740625,5.1986615625,-1.5407378125,48.62903225806451,47.715053763440864,Glove-Side Power Break,1,54.70882142124405,66.36246945563394,94.06651549508692,3.9973459108080576,55.72844289040596,72.94028722600152,Elite Weapon
"Garcia, Brett",702286.0,OTT_TIT,Four-Seam,R,134,67,58.9490926110839,83.1989247311828,57.70112765301443,79.97432605905006,58.574703123663056,87.1504157218443,171,31,19,0.5065235893914917,Balanced,Balanced Weapon,17.259939213973798,6.508844366812228,91.81722248908298,2361.6948436681223,6.166353056768559,6.014738209606987,1.2819913100436682,31.048387096774192,18.413978494623656,Arm-Side Run Power,2,49.54843800179356,49.36633663322297,51.13378684807256,9.026265121869493,62.93519385562512,90.40060468631896,Command/Deception Weapon
"Kelly, Colin",1000456530.0,SUS_COU1,Four-Seam,R,49,30,58.002017814767015,80.3763440860215,59.89411183890337,84.98074454428755,58.56964602200792,87.07482993197279,172,32,20,3.090096864632315,RHH,Balanced Weapon,17.424607926829268,10.589698536585368,90.58819756097562,1989.660214634146,5.939912195121952,6.085924146341463,2.4805775609756098,28.62903225806452,14.381720430107528,Arm-Side Run Power,2,49.68259628255839,49.80819759078495,53.250188964474674,8.88704973944953,62.73568963821363,89.94708994708994,Command/Deception Weapon
"Pindel, Buddie",1000054422.0,SCH_BOO,Splitter,R,30,28,64.0302206824142,92.06989247311829,45.24595972997359,34.27471116816431,58.39494239668201,86.84807256235828,175,7,4,0.0355517385264789,Balanced,Balanced Weapon,4.746212317073171,7.336121219512195,80.2698312195122,1101.0186896341463,5.779328902439024,5.776232073170732,2.213679756097561,54.35483870967742,57.25806451612904,Soft-Speed Separation,0,54.16228951469887,64.56242319544413,92.32804232804232,4.232652881983142,56.06565227287303,73.92290249433107,Elite Weapon
"McCartney, Seth",823530.0,MIS_MUD,Slider,R,36,10,51.41534988693154,58.73655913978495,74.64941608073465,98.13863928112966,58.38556974507247,86.77248677248677,176,77,61,,,,4.150951578947368,-3.011914736842105,81.93111140350877,2474.273214035088,5.4526545614035085,5.0330589473684215,3.1844436842105264,67.82258064516128,79.70430107526882,Tight High-Spin Breakers,3,54.28641513826,64.97124079933724,92.66817838246408,4.099154606812476,55.874341022271686,73.24263038548753,Elite Weapon
"Perez, Kelvin",692487.0,WAS_WIL3,Four-Seam,R,46,34,54.668267776013934,70.96774193548387,66.60892193406866,93.64569961489087,58.25046402343035,86.39455782312925,181,34,21,6.206084910684062,RHH,Right-Handed Killer,15.790485922330095,11.165972718446602,89.16906776699028,2071.674587378641,6.1718928155339805,5.980982718446602,1.2328180582524273,34.75806451612903,24.596774193548388,Arm-Side Run Power,2,47.73313947842257,43.38750670766962,23.84731670445956,10.517324545007774,65.0719738447061,92.8949357520786,Command/Deception Weapon
"Hill, Kaleb",1000371973.0,OTT_TIT,Curveball,R,95,47,63.43889646676865,90.86021505376344,46.0714775082425,37.80487804878049,58.2286707792108,86.31897203325775,182,17,10,1.6366551721641116,Balanced,Balanced Weapon,-4.380530746268657,13.225304029850747,72.93238711442785,2139.4873855721394,5.31294447761194,5.962343084577114,-3.183151492537313,78.2258064516129,97.04301075268818,Tight High-Spin Breakers,3,47.77981600775033,43.541239565804446,24.4520030234316,10.448854771460477,64.97385244209637,92.7437641723356,Command/Deception Weapon
"Dima, Josh",1000098214.0,GAT_GRI,Slider,L,71,27,56.90835330206543,78.2258064516129,60.964120263949305,87.29139922978177,58.125083390630586,86.24338624338624,183,79,18,-5.762136821555963,LHH,Reverse Split Weapon,2.425436403508772,2.0797972807017544,81.92051763157895,1924.3731842105265,6.010527807017543,6.283953333333333,-0.8498861403508773,59.03225806451612,65.05376344086021,Soft-Speed Separation,0,50.85878468307831,53.68206754472422,69.19879062736206,7.266298707552274,60.41305358595536,85.86545729402873,Elite Weapon
"Scott, Brandon",1000138331.0,LAK_ERI24,Slider,L,64,40,57.40787488292545,79.03225806451613,59.70552245511212,84.14634146341463,58.09716915458145,86.09221466364325,185,80,19,-2.9718487372424605,Balanced,Balanced Weapon,-0.3111541726618704,6.858265683453237,77.88837165467626,2401.6726352517985,5.409018776978417,5.511402302158274,-1.809206762589928,73.2258064516129,88.70967741935483,Tight High-Spin Breakers,3,53.90435446472344,63.71289361351154,91.04308390022676,4.192814689858011,56.008561689886754,73.77173091458806,Elite Weapon
"Tokar, Heitor",677573.0,OTT_TIT,Slider,R,88,47,60.13144487640872,85.88709677419355,53.31982028519253,66.68806161745829,58.08795749904387,86.01662887377172,186,81,62,4.626581709440629,RHH,Balanced Weapon,3.875131338582677,-3.62082905511811,81.8342290551181,2107.703221259843,5.932868976377953,6.821130866141733,2.4790547244094485,55.32258064516129,58.87096774193549,Glove-Side Power Break,1,52.32927289677142,58.52523731763604,80.7634164777022,5.758684602272446,58.25254971774743,80.27210884353741,Elite Weapon
"Campbell, Tyler",809429.0,MIS_MUD,Changeup,R,45,17,57.13947652114009,78.49462365591397,60.02510956431138,85.30166880616174,58.00516643409147,85.71428571428571,190,28,8,,,,11.856349117647058,-8.190205294117646,74.9244744117647,1872.222098529412,6.2890145588235296,4.724170735294117,-2.549183970588235,77.33870967741936,95.56451612903226,Glove-Side Power Break,1,54.27552710023456,64.93538018096567,92.5925925925926,3.729639333856909,55.34480287734021,71.88208616780045,Elite Weapon
"Morgan, Cooper",692707.0,QUE_CAP,Changeup,R,52,18,65.88902052341,93.68279569892472,39.41775514571663,11.617458279845955,57.94764091010198,85.63869992441421,191,29,9,,,,6.027278333333333,-15.990321212121213,82.38982651515151,1997.0165363636363,5.92319196969697,4.810180303030303,-4.222669545454545,56.61290322580645,61.02150537634409,Glove-Side Power Break,1,46.893856665812336,40.62326207713998,14.588057445200302,11.053784244289645,65.84075363482421,94.10430839002268,Command/Deception Weapon
"Bohnert, Matthew",810066.0,WIN_CIT29,Curveball,L,40,10,64.01126717255703,91.93548387096774,43.558270256666766,26.70089858793325,57.875368097789945,85.5631141345427,192,18,8,-1.7147727870232004,Balanced,Balanced Weapon,-16.3312234939759,13.442369879518072,78.19863289156626,2816.428731325301,4.772042168674699,5.465059518072289,-2.255291686746988,66.29032258064515,77.15053763440861,Tight High-Spin Breakers,3,51.33188815646574,55.24027142587941,74.11186696900982,6.543479941324208,59.37720977487668,83.37112622826909,Elite Weapon
"Gollert, Harley",1000114236.0,TRO_AIG,Changeup,R,93,35,56.07134712136644,75.40322580645162,61.98258827376943,88.38254172015404,57.84471946708733,85.4875283446712,193,30,10,8.36033445175024,RHH,Right-Handed Killer,9.701711239669422,-14.13339917355372,79.7455573553719,1567.8661991735537,5.268862148760331,5.4004741322314045,-1.9245737190082648,67.1774193548387,78.62903225806451,Soft-Speed Separation,0,49.72835216439612,49.95889822325915,53.85487528344671,8.11636730269121,61.631254239297526,87.75510204081633,Command/Deception Weapon
"Harris, Everette",810834.0,TRI_VAL,Slider,L,29,13,56.083373938350256,75.53763440860214,61.548598290319816,87.997432605905,57.72294124394112,85.33635676492818,195,83,21,,,,1.2359558490566038,-8.731807547169812,80.46415150943396,2861.77099245283,6.146983018867925,3.951598867924528,3.9641062264150944,76.53225806451613,94.22043010752688,Tight High-Spin Breakers,3,61.762276834267766,80.0,100.0,-4.039335590326644,44.21138331266084,28.34467120181406,Development Target
"Rohde, Isaac",1000135938.0,NEW_YOR13,Changeup,R,505,207,59.02463646374633,83.60215053763442,54.53448285715351,71.63029525032091,57.67759038176848,85.26077097505669,196,31,11,4.226433634229764,RHH,Balanced Weapon,4.21885155148096,-20.405275853314528,76.07134069111424,1971.3914427362483,6.205100508474576,4.8639742313117065,-2.552210761636107,74.2741935483871,90.45698924731182,Glove-Side Power Break,1,53.76504077164439,63.25405289585721,90.06046863189721,3.912549610124096,55.60692456884354,72.63794406651549,Elite Weapon
