pitcher_name,pitcher_id,pitcher_team,pitch_type,pitch_count,swing_count,whiff_count,csw_count,two_strike_pitch_count,strikeout_count,terminal_pa_count,batted_ball_count,hardhit_count,barrel_count,sweetspot_count,exit_velocity_sum,xwoba_frontier,whiff_pct,csw_pct,putaway_pct,k_pct,avg_exit_velocity,hardhit_pct,barrel_pct,sweetspot_pct,whiff_pct_z,whiff_pct_score_component,csw_pct_z,csw_pct_score_component,putaway_pct_z,putaway_pct_score_component,k_pct_z,k_pct_score_component,avg_exit_velocity_z,avg_exit_velocity_score_component,hardhit_pct_z,hardhit_pct_score_component,barrel_pct_z,barrel_pct_score_component,sweetspot_pct_z,sweetspot_pct_score_component,pitch_value_raw,pitch_value_20_80,pitch_value_0_100,overall_rank,pitch_type_rank
"Grounds, Jackson",805984.0,DOW_EAS1,Curveball,82,19,8,23,29,7,17,10,0,0,0,646.25152,0.1039384191036598,0.4210526315789473,0.2804878048780488,0.2413793103448276,0.4117647058823529,64.625152,0.0,0.0,0.0,1.598251218692466,-0.0052007094656252,0.0297920860347353,-0.0008739806359149,0.6201192988397359,0.0090041322191529,1.784361430077867,0.0779284167357906,-4.162026275671569,2.451433476370554,-2.0504840237295245,0.4901005398997597,-0.7302129662931038,-0.0358906975062723,-3.2315531555599777,0.98176846953121,3.968269647148655,80.0,100.0,1,1
"Carroll, Jake",1000088275.0,JOL_SLA,Slider,56,23,6,13,17,4,13,11,0,0,2,755.35123,0.2039052418260956,0.2608695652173913,0.2321428571428571,0.2352941176470588,0.3076923076923077,68.66829363636363,0.0,0.0,0.1818181818181818,0.1811863425547578,-0.0005895803586731,-0.7577265771612147,0.0222286668676013,0.5562423599893136,0.0080766390670448,0.923063059558083,0.0403129330000801,-3.055281477082364,1.7995607900015125,-2.0504840237295245,0.4901005398997597,-0.7302129662931038,-0.0358906975062723,-1.3511105596943014,0.4104768458090466,2.734276136780099,80.0,99.82394366197182,2,1
"Harper, Scott",1000241275.0,NEW_YOR13,Slider,114,42,18,49,38,10,27,20,0,0,2,1430.82016,0.1332395495428222,0.4285714285714285,0.4298245614035088,0.2631578947368421,0.3703703703703703,71.541008,0.0,0.0,0.1,1.664766508796889,-0.005417150219625,2.462424416286296,-0.0722376826761747,0.8487315010412458,0.0123235813951188,1.4417838173268411,0.0629670246541151,-2.2689222629523957,1.336395212878961,-2.0504840237295245,0.4901005398997597,-0.7302129662931038,-0.0358906975062723,-2.197309727833856,0.6675580764840201,2.4557989049099023,77.60174687084346,99.64788732394366,3,2
"Escobar, Anthony",678673.0,TRO_AIG,Changeup,82,42,14,17,31,6,20,23,1,0,3,1630.09381,0.1228656937625018,0.3333333333333333,0.2073170731707317,0.1935483870967742,0.3,70.87364391304348,0.0434782608695652,0.0,0.1304347826086956,0.8222395008075307,-0.0026755673356277,-1.162128052856431,0.0340921885585962,0.1180328224993225,0.0017138365826901,0.8594018756500987,0.0375326581152667,-2.4516024157725327,1.4439938228900218,-1.5529434726513645,0.3711798900027112,-0.7302129662931038,-0.0358906975062723,-1.8825399889606884,0.5719288264261798,2.421874957733566,77.22046149729393,99.47183098591547,4,1
"Ryan, Dillon",1000132418.0,NEW_ENG23,Slider,93,38,13,30,35,9,23,18,0,0,2,1303.91183,0.1535704804828149,0.3421052631578947,0.3225806451612903,0.2571428571428571,0.391304347826087,72.43954611111111,0.0,0.0,0.1111111111111111,0.8998406725960241,-0.0029280815486274,0.715466574536642,-0.0209889274306069,0.7855909880522572,0.0114067811465187,1.6150324498622577,0.0705333121828343,-2.022961950342424,1.1915245887516877,-2.0504840237295245,0.4901005398997597,-0.7302129662931038,-0.0358906975062723,-2.082393791419842,0.6326458105898879,2.3364033260851818,76.25981022544916,99.29577464788731,5,3
"Webster, Evan",804248.0,FLO_Y'A,Cutter,99,43,12,31,22,6,23,24,2,1,3,1713.87365,0.1364701407377817,0.2790697674418604,0.3131313131313131,0.2727272727272727,0.2608695652173913,71.41140208333333,0.0833333333333333,0.0416666666666666,0.125,0.3421950427670817,-0.001113502669164,0.5615409695467865,-0.0164733658826245,0.949182317160091,0.0137821272451645,0.535560200987745,0.0233895206577377,-2.304399791824285,1.3572914773845035,-1.0968646341630517,0.2621692942637501,0.6182564812611585,0.0303879243104672,-1.938748870902325,0.5890054782222227,2.2584389535320577,75.38353616577227,99.11971830985917,6,1
"Vitas, Ben",1000076969.0,JOL_SLA,Splitter,59,23,9,15,27,8,19,10,1,0,0,738.7632,0.1706718036037681,0.391304347826087,0.2542372881355932,0.2962962962962963,0.4210526315789473,73.87631999999999,0.1,0.0,0.0,1.3350820274097497,-0.0043443569171913,-0.3978176813075761,0.011670379498839,1.1965889568602102,0.0173744716536102,1.861227875044163,0.0812854049868037,-1.6296682764391983,0.9598746148226878,-0.9061407562497568,0.216583045136548,-0.7302129662931038,-0.0358906975062723,-3.2315531555599777,0.98176846953121,2.228321331206235,75.04503166276635,98.943661971831,7,1
"McEvoy, Aidan",1000079355.0,FLO_Y'A,Slider,78,37,17,25,37,9,24,20,1,0,2,1452.84594,0.1417599955942733,0.4594594594594595,0.3205128205128205,0.2432432432432432,0.375,72.642297,0.05,0.0,0.1,1.9380185113880333,-0.0063063122360566,0.6817825893598166,-0.0200007740414595,0.639685208037162,0.0092882292206995,1.4800984187529431,0.0646403382421973,-1.9674621653067133,1.1588352153656545,-1.4783123899896404,0.3533417925181539,-0.7302129662931038,-0.0358906975062723,-2.197309727833856,0.6675580764840201,2.1914658680469365,74.63079775994278,98.76760563380282,8,4
"Alpern, Liam",1000137537.0,FLO_Y'A,Slider,78,21,3,22,23,5,14,16,2,0,3,1118.83708,0.1125919308725315,0.1428571428571428,0.282051282051282,0.217391304347826,0.3571428571428571,69.9273175,0.125,0.0,0.1875,-0.8628145151711873,0.002807598432367,0.05526046507087,-0.001621121003319,0.3683145543858977,0.0053479273296832,1.33231352753798,0.0581861286881662,-2.710644005110823,1.5965693190102748,-0.6200549393798148,0.1482036714457452,-0.7302129662931038,-0.0358906975062723,-1.2923467285734986,0.3926239825677289,2.1662268089643737,74.34712546142421,98.59154929577466,9,5
"Correa, Nelvin",673388.0,QUE_CAP,Cutter,68,37,12,25,11,4,17,19,1,0,4,1337.13515,0.1366108760462505,0.3243243243243243,0.3676470588235294,0.3636363636363636,0.2352941176470588,70.37553421052633,0.0526315789473684,0.0,0.2105263157894736,0.7425410000517805,-0.0024162284141684,1.4495793103021526,-0.0425248586470239,1.9034650702891216,0.027638312820598,0.3238989757182327,0.0141456399665423,-2.5879519112810536,1.5243036757445405,-1.4481980934770151,0.3461439637085958,-0.7302129662931038,-0.0358906975062723,-1.0541985708734058,0.3202729052213368,2.151672712894149,74.18354591309023,98.41549295774648,10,2
"Foster, Kobe",816330.0,WAS_WIL3,Slider,94,42,14,38,29,8,24,26,2,0,7,1807.34016,0.1333514232814029,0.3333333333333333,0.4042553191489361,0.2758620689655172,0.3333333333333333,69.51308307692308,0.0769230769230769,0.0,0.2692307692307692,0.8222395008075307,-0.0026755673356277,2.045912320967663,-0.0600188838479073,0.9820886189921262,0.0142599267477656,1.1352670059180296,0.0495805159494581,-2.8240339959569782,1.6633560236186602,-1.170219971822011,0.2797024670049816,-0.7302129662931038,-0.0358906975062723,-0.4470516193742644,0.1358174113272371,2.0441311959582955,72.97484200714933,98.23943661971832,11,6
"Jones, Logan",814785.0,TRI_VAL,Slider,65,26,6,15,17,3,12,17,2,1,6,1158.87517,0.1894198340289832,0.2307692307692307,0.2307692307692307,0.1764705882352941,0.25,68.16912764705883,0.1176470588235294,0.0588235294117647,0.3529411764705882,-0.0850972770271638,0.0002769065394463,-0.7801023673143918,0.0228850830475349,-0.061234715564765,-0.0008891280700003,0.4456041802482024,0.0194608713639797,-3.1919201140588784,1.8800409471806796,-0.7041978266945038,0.1683152519430402,1.173508606724681,0.0576791215291247,0.4187177658263353,-0.1272093882824014,2.020559665251404,72.70991175466443,98.06338028169014,12,7
"Davis, Tyler",824623.0,WIN_CIT29,Four-Seam,76,26,6,20,12,4,21,19,1,0,0,1436.12186,0.1102000365036086,0.2307692307692307,0.2631578947368421,0.3333333333333333,0.1904761904761904,75.58536105263158,0.0526315789473684,0.0,0.0,-0.0850972770271638,0.0002769065394463,-0.2525047889658046,0.0074074804891008,1.5853708192461116,0.0230195842954535,-0.0470121238016747,-0.0020531604827905,-1.161845858702527,0.6843272107757885,-1.4481980934770151,0.3461439637085958,-0.7302129662931038,-0.0358906975062723,-3.2315531555599777,0.98176846953121,2.0049997573505323,72.53502746818853,97.88732394366195,13,1
"Grounds, Jackson",805984.0,DOW_EAS1,Four-Seam,107,47,12,29,27,5,23,27,3,1,7,1886.19372,0.1556691368030947,0.2553191489361702,0.2710280373831775,0.1851851851851851,0.217391304347826,69.85902666666667,0.1111111111111111,0.037037037037037,0.2592592592592592,0.132084398518375,-0.0004298026327787,-0.1243035082455884,0.0036465677178925,0.0302433697025051,0.0004391337280803,0.1757361180295736,0.0076749234827055,-2.7293375190612688,1.6075797987270872,-0.7789915043075604,0.1861922123850801,0.4684265426440189,0.0230236329974961,-0.5501813058996617,0.1671489320014585,1.9952753984070215,72.4257313472792,97.7112676056338,14,2
"Perez, Kelvin",692487.0,WAS_WIL3,Slider,56,26,9,19,30,5,13,13,2,1,2,932.89007,0.1266150092422444,0.3461538461538461,0.3392857142857143,0.1666666666666666,0.3846153846153846,71.7607746153846,0.1538461538461538,0.0769230769230769,0.1538461538461538,0.9356565980368672,-0.0030446265700119,0.9875850547865648,-0.0289717951672186,-0.1641475614904453,-0.0023834225928412,1.5596748986379232,0.068115681848214,-2.2087646972878847,1.300962406702564,-0.2899559199144977,0.0693043941102035,1.759269090730153,0.0864698350784777,-1.6404094205967132,0.4983678648432256,1.9888203382526133,72.35318023730768,97.53521126760565,15,8
"Webster, Evan",804248.0,FLO_Y'A,Slider,52,22,3,12,14,2,6,11,0,0,2,809.1489300000001,0.1496018445957806,0.1363636363636363,0.2307692307692307,0.1428571428571428,0.3333333333333333,73.55899363636364,0.0,0.0,0.1818181818181818,-0.9202595384431892,0.0029945245380941,-0.7801023673143918,0.0228850830475349,-0.4140787587385248,-0.0060124235768833,1.1352670059180296,0.0495805159494581,-1.716531249344008,1.0110369058636206,-2.0504840237295245,0.4901005398997597,-0.7302129662931038,-0.0358906975062723,-1.3511105596943014,0.4104768458090466,1.9451712940243584,71.86259044694097,97.35915492957746,16,9
"Bargo, Casey",1000492781.0,NEW_ENG23,Slider,56,25,7,17,22,4,10,16,0,0,2,1194.26801,0.1773972015377601,0.28,0.3035714285714285,0.1818181818181818,0.4,74.641750625,0.0,0.0,0.125,0.3504243763334902,-0.0011402809205891,0.4058145108039705,-0.0119049744889452,-0.0051004359689397,-7.405833026900487e-05,1.6869972664538917,0.0736762316178408,-1.4201439908488591,0.8364648106099781,-2.0504840237295245,0.4901005398997597,-0.7302129662931038,-0.0358906975062723,-1.938748870902325,0.5890054782222227,1.9402370491037255,71.80713241288707,97.1830985915493,17,10
"Garcia, Hector",815312.0,WAS_WIL3,Splitter,62,35,16,23,23,6,15,13,1,0,3,924.68604,0.1850959076781529,0.4571428571428571,0.3709677419354839,0.2608695652173913,0.4,71.12969538461539,0.0769230769230769,0.0,0.2307692307692307,1.9175246111936968,-0.0062396250848242,1.5036718276743486,-0.0441117167366546,0.8247106537084785,0.0119747986918471,1.6869972664538917,0.0736762316178408,-2.3815124560776764,1.4027108366297514,-1.170219971822011,0.2797024670049816,-0.7302129662931038,-0.0358906975062723,-0.8448375531150811,0.2566675624992334,1.9384898571159028,71.78749499433205,97.00704225352112,18,2
"Peyton, Blake",1000017005.0,GAT_GRI,Changeup,62,29,9,14,17,3,19,17,1,0,4,1210.48104,0.1493341044198966,0.3103448275862069,0.2258064516129032,0.1764705882352941,0.1578947368421052,71.20476705882353,0.0588235294117647,0.0,0.2352941176470588,0.6188709126721685,-0.0020138059498352,-0.8609439317387713,0.0252566511814885,-0.061234715564765,-0.0008891280700003,-0.3166547323342388,-0.0138292621252332,-2.3609627963269544,1.390607087036576,-1.377340925212014,0.3292078959214,-0.7302129662931038,-0.0358906975062723,-0.7980392079691024,0.2424498976554691,1.9348986381435929,71.7471317883573,96.83098591549296,19,2
"Hensey, Rob",802996.0,SUS_COU1,Changeup,141,71,38,56,49,16,37,25,1,0,6,1821.12771,0.168664743707196,0.5352112676056338,0.3971631205673759,0.3265306122448979,0.4324324324324324,72.8451084,0.04,0.0,0.24,2.608159426193425,-0.0084869507728334,1.9303834186165116,-0.0566297279685339,1.5139619057466598,0.0219827268714415,1.9554065823902564,0.0853984716727296,-1.9119458163305063,1.1261360858186682,-1.5927467167376173,0.3806935419944751,-0.7302129662931038,-0.0358906975062723,-0.7493689290172847,0.2276635262179542,1.740866976327629,69.56632911609215,96.65492957746478,20,3
"Harajli, Ahmad",800677.0,FLO_Y'A,Slider,58,26,9,18,15,4,13,17,0,0,4,1256.92407,0.1490953770776792,0.3461538461538461,0.3103448275862069,0.2666666666666666,0.3076923076923077,73.93671,0.0,0.0,0.2352941176470588,0.9356565980368672,-0.0030446265700119,0.5161503036282568,-0.0151417853072385,0.8855634669514887,0.0128583815401356,0.923063059558083,0.0403129330000801,-1.613137488156716,0.9501379805243056,-2.0504840237295245,0.4901005398997597,-0.7302129662931038,-0.0358906975062723,-0.7980392079691024,0.2424498976554691,1.6817826232362276,68.90225545973703,96.47887323943662,21,11
"Willeman, Landon",812254.0,EVA_OTT,Changeup,112,65,16,28,37,4,31,38,3,1,6,2815.70741,0.1600596707556081,0.2461538461538461,0.25,0.1081081081081081,0.1290322580645161,74.09756342105263,0.0789473684210526,0.0263157894736842,0.1578947368421052,0.0510032396480405,-0.0001659645418147,-0.4668413051699175,0.0136952565284647,-0.7788432087762619,-0.0113088033914313,-0.5555192763692891,-0.0242611933568759,-1.5691064590470405,0.9242037043787068,-1.1470551283507608,0.2741656756130138,0.1214519479516943,0.0059694846937737,-1.5985372170450487,0.4856467962988051,1.667944956222642,68.74672815600366,96.30281690140843,22,4
"Harris, Ben",1000390130.0,GAT_GRI,Curveball,138,28,11,35,67,11,20,10,1,0,1,755.71356,0.2153424116165666,0.3928571428571428,0.2536231884057971,0.1641791044776119,0.55,75.57135600000001,0.1,0.0,0.1,1.3488188808008796,-0.004389056638126,-0.4078211050557411,0.0119638399379152,-0.1902597761283042,-0.0027625719493829,2.928390352659581,0.1278915918717018,-1.1656795159295108,0.6865852348824818,-0.9061407562497568,0.216583045136548,-0.7302129662931038,-0.0358906975062723,-2.197309727833856,0.6675580764840201,1.6675394622188855,68.74217063998435,96.12676056338027,23,2
"Donnan, Blake",1000557509.0,FLO_Y'A,Slider,65,29,15,26,23,9,17,10,1,0,3,715.08332,0.1859354227573882,0.5172413793103449,0.4,0.391304347826087,0.5294117647058824,71.508332,0.1,0.0,0.3,2.4491882058904317,-0.0079696584219674,1.9765949795569728,-0.0579853903202833,2.193898951676218,0.0318554127783386,2.758003066317624,0.1204502679152895,-2.277866790819897,1.3416635397929193,-0.9061407562497568,0.216583045136548,-0.7302129662931038,-0.0358906975062723,-0.1288228723816114,0.0391372903896402,1.6478438097642127,68.52080299769773,95.95070422535213,24,12
"Smith, Jackson",1000333915.0,MIS_MUD,Slider,69,31,8,17,40,11,24,21,1,0,6,1531.58744,0.1765947482915192,0.2580645161290322,0.2463768115942029,0.275,0.4583333333333333,72.93273523809523,0.0476190476190476,0.0,0.2857142857142857,0.1563713815901338,-0.0005088324756942,-0.5258615052840934,0.0154266731190141,0.9730393859883172,0.0141285318845503,2.1697612444227703,0.0947599828276756,-1.8879593830068544,1.1120080765910372,-1.5055586582629688,0.35985411382204,-0.7302129662931038,-0.0358906975062723,-0.2765719334853432,0.0840244893963816,1.6438023376587323,68.47537920920348,95.77464788732394,25,13
"Sechrist, Zander",801415.0,WAS_WIL3,Curveball,61,30,5,17,12,1,15,20,2,0,6,1413.69831,0.1722757888766029,0.1666666666666666,0.2786885245901639,0.0833333333333333,0.0666666666666666,70.6849155,0.1,0.0,0.3,-0.6521827631738476,0.0021222027113677,0.0004825744226567,-1.415680326305724e-05,-1.0389067518587232,-0.0150849260369886,-1.071654036225418,-0.0468023467240726,-2.5032637742575456,1.4744223630376945,-0.9061407562497568,0.216583045136548,-0.7302129662931038,-0.0358906975062723,-0.1288228723816114,0.0391372903896402,1.6344727742046536,68.37052035925444,95.59859154929578,26,3
"Rodriguez, Joe Joe",689487.0,NEW_JER6,Changeup,59,30,12,17,23,5,16,11,0,0,0,867.75996,0.1323749431432165,0.4,0.288135593220339,0.217391304347826,0.3125,78.88726909090909,0.0,0.0,0.0,1.4120084064000824,-0.0045946753544258,0.1543713095911563,-0.0045286367381661,0.3683145543858977,0.0053479273296832,0.9628512995005728,0.0420506048030885,-0.2580017999348444,0.1519630601616233,-2.0504840237295245,0.4901005398997597,-0.7302129662931038,-0.0358906975062723,-3.2315531555599777,0.98176846953121,1.6262165921265006,68.27772568971322,95.4225352112676,27,5
"Still, Stephen",1000338771.0,TRI_VAL,Sinker,61,31,8,14,21,4,11,18,2,1,3,1344.35144,0.2109250069965801,0.2580645161290322,0.2295081967213114,0.1904761904761904,0.3636363636363636,74.68619111111111,0.1111111111111111,0.0555555555555555,0.1666666666666666,0.1563713815901338,-0.0005088324756942,-0.800644076307472,0.023487694622556,0.0857836357576341,0.0012455783912008,1.3860534879797848,0.0605331139805411,-1.4079791246943096,0.8292997044449484,-0.7789915043075604,0.1861922123850801,1.0677462971125802,0.0524807982493804,-1.5078141093497748,0.458084481119227,1.6108147507172397,68.10461797838012,95.24647887323944,28,1
"Kirby, Zach",813716.0,WAS_WIL3,Slider,102,44,9,24,36,4,23,32,1,1,8,2360.91081,0.1682785016788221,0.2045454545454545,0.2352941176470588,0.1111111111111111,0.1739130434782608,73.7784628125,0.03125,0.03125,0.25,-0.3170867940871706,0.0010318004279596,-0.7063938821039268,0.0207227709254008,-0.7473203550692968,-0.0108510915556061,-0.1840879649285969,-0.0080396736923266,-1.6564551028753844,0.9756520555936014,-1.692876752642097,0.4046263227862561,0.2811391193725944,0.0138182688562823,-0.6459445862446723,0.1962424869132351,1.5932029402548027,67.90667150428179,95.07042253521126,29,14
"Perez, Kelvin",692487.0,WAS_WIL3,Four-Seam,56,20,2,12,19,2,13,17,1,0,4,1248.24334,0.1503226340970178,0.1,0.2142857142857142,0.1052631578947368,0.1538461538461538,73.42607882352941,0.0588235294117647,0.0,0.2352941176470588,-1.2419516687663985,0.0040413107301658,-1.0486118491525118,0.030762077206738,-0.8087069649197027,-0.011742425130634,-0.3501606186015987,-0.0152925646961876,-1.7529145351623214,1.0324666612106073,-1.377340925212014,0.3292078959214,-0.7302129662931038,-0.0358906975062723,-0.7980392079691024,0.2424498976554691,1.5760021553912864,67.71334471810505,94.8943661971831,30,3
"Maietta, Dante",1000137704.0,WIN_CIT29,Changeup,112,53,27,34,44,15,34,19,0,0,4,1437.90725,0.1508218221560644,0.5094339622641509,0.3035714285714285,0.3409090909090909,0.4411764705882353,75.67932894736842,0.0,0.0,0.2105263157894736,2.380119628787855,-0.0077449092720756,0.4058145108039705,-0.0119049744889452,1.6648943820068642,0.0241742664267396,2.027771839137806,0.0885588795306654,-1.1361236634177967,0.6691768377530822,-2.0504840237295245,0.4901005398997597,-0.7302129662931038,-0.0358906975062723,-1.0541985708734058,0.3202729052213368,1.5367428475642906,67.27209300372454,94.71830985915491,31,6
"Nakata, Yuto",1000432352.0,QUE_CAP,Slider,57,26,11,19,14,5,14,14,0,0,2,1076.19115,0.1460584100284625,0.4230769230769231,0.3333333333333333,0.3571428571428571,0.3571428571428571,76.87079642857144,0.0,0.0,0.1428571428571428,1.6161591814128882,-0.0052589819763175,0.8906232974561322,-0.026127325054173,1.835302016494191,0.0266485852794956,1.33231352753798,0.0581861286881662,-0.8099786613110667,0.4770774315122182,-2.0504840237295245,0.4901005398997597,-0.7302129662931038,-0.0358906975062723,-1.754062544522661,0.532896479463796,1.5176321603066731,67.05730002895857,94.54225352112675,32,15
"Sesar, Jorden",813853.0,SUS_COU1,Curveball,76,23,3,24,28,4,16,17,0,0,5,1252.91027,0.1916094969880025,0.1304347826086956,0.3157894736842105,0.1428571428571428,0.25,73.70060411764706,0.0,0.0,0.2941176470588235,-0.972709342300234,0.0031651961998449,0.604841275850648,-0.0177436236683546,-0.4140787587385248,-0.0060124235768833,0.4456041802482024,0.0194608713639797,-1.6777676645671211,0.9882051544300344,-2.0504840237295245,0.4901005398997597,-0.7302129662931038,-0.0358906975062723,-0.1896607210713836,0.0576202546865338,1.4989052718286424,66.84682072855018,94.3661971830986,33,4
"Boies, Emiles",1000429129.0,QUE_CAP,Changeup,122,59,16,27,39,5,27,38,4,0,5,2857.72479,0.1696864629892329,0.2711864406779661,0.221311475409836,0.1282051282051282,0.1851851851851851,75.20328394736843,0.1052631578947368,0.0,0.131578947368421,0.2724549277975255,-0.0008865683350531,-0.934165184762493,0.0274046698601924,-0.5678825724296501,-0.0082456549516785,-0.0908002397172195,-0.0039655188691701,-1.266433302562231,0.745929215209154,-0.8459121632245064,0.2021873875174318,-0.7302129662931038,-0.0358906975062723,-1.8707065401308705,0.5683337418375393,1.4948665747621432,66.801428129875,94.19014084507045,34,7
"Cameron, Zach",1000084075.0,WIN_CIT29,Four-Seam,64,29,5,12,20,4,17,24,4,0,4,1774.94573,0.1965117591440138,0.1724137931034483,0.1875,0.2,0.2352941176470588,73.95607208333332,0.1666666666666666,0.0,0.1666666666666666,-0.6013406161400063,0.0019567623649195,-1.484939757139455,0.043562192715443,0.1857561146568667,0.0026971787848177,0.3238989757182327,0.0141456399665423,-1.607837430195285,0.9470162463850228,-0.143245244596579,0.0342380486277405,-0.7302129662931038,-0.0358906975062723,-1.5078141093497748,0.458084481119227,1.4658098524574408,66.47484752413106,94.01408450704226,35,4
"Widener, Jacob",683179.0,SUS_COU1,Sinker,65,34,10,19,12,1,16,22,2,0,5,1611.72257,0.1627182645929801,0.2941176470588235,0.2923076923076923,0.0833333333333333,0.0625,73.26011681818181,0.0909090909090909,0.0,0.2272727272727272,0.4753166151648533,-0.0015466802657464,0.2223330315479235,-0.0065223618134898,-1.0389067518587232,-0.0150849260369886,-1.106137177508909,-0.0483083289533465,-1.798343956810553,1.0592245905614155,-1.010171962384281,0.2414482719332037,-0.7302129662931038,-0.0358906975062723,-0.8809999107278825,0.2676539398785058,1.4609738077972814,66.42049320371055,93.83802816901408,36,2
"Foster, Kobe",816330.0,WAS_WIL3,Changeup,115,72,34,51,38,14,41,31,2,0,9,2265.20967,0.1916159239839947,0.4722222222222222,0.4434782608695652,0.3684210526315789,0.3414634146341463,73.07127967741935,0.064516129032258,0.0,0.2903225806451613,2.0509247207920125,-0.0066737090414572,2.6848373809270853,-0.0787623894068769,1.9536904783485445,0.0283675857456208,1.202551184032159,0.0525190178602364,-1.8500350777546308,1.0896706607974775,-1.3121980447103203,0.3136376400525266,-0.7302129662931038,-0.0358906975062723,-0.2289109460325261,0.0695447477813036,1.4324128562825589,66.09948477239163,93.66197183098592,37,8
"Wiltse, Ryan",813813.0,EVA_OTT,Changeup,107,64,24,33,33,10,32,32,2,1,8,2385.63366,0.1874433373676146,0.375,0.308411214953271,0.303030303030303,0.3125,74.551051875,0.0625,0.03125,0.25,1.1908450668028754,-0.0038750098473765,0.4846525751754443,-0.0142177679453468,1.267276568203101,0.018400855770309,0.9628512995005728,0.0420506048030885,-1.4449713105000517,0.8510881018845304,-1.3352694815546695,0.3191521056727524,0.2811391193725944,0.0138182688562823,-0.6459445862446723,0.1962424869132351,1.4226596461074743,65.98986438047251,93.48591549295774,38,9
"Moreno, Jose",1000306184.0,DOW_EAS1,Changeup,52,22,9,15,13,4,10,12,0,0,3,910.02605,0.1737566795073392,0.4090909090909091,0.2884615384615384,0.3076923076923077,0.4,75.83550416666667,0.0,0.0,0.25,1.4924314389808848,-0.0048563719024437,0.1596808191190273,-0.0046843965096757,1.3162141452866418,0.019111429389562,1.6869972664538917,0.0736762316178408,-1.093373216569162,0.6439968245592365,-2.0504840237295245,0.4901005398997597,-0.7302129662931038,-0.0358906975062723,-0.6459445862446723,0.1962424869132351,1.3776960464612422,65.48449975417678,93.30985915492955,39,10
"Messina, Chris",10179238.0,FDU_KNI,Changeup,68,24,4,16,19,1,17,16,1,0,3,1205.06358,0.2520614950225143,0.1666666666666666,0.2352941176470588,0.0526315789473684,0.0588235294117647,75.31647375,0.0625,0.0,0.1875,-0.6521827631738476,0.0021222027113677,-0.7063938821039268,0.0207227709254008,-1.361186453573352,-0.019764427305885,-1.1365634786414014,-0.0496371368027059,-1.2354494200810586,0.7276797084277435,-1.3352694815546695,0.3191521056727524,-0.7302129662931038,-0.0358906975062723,-1.2923467285734986,0.3926239825677289,1.35700850869013,65.25198389964258,93.1338028169014,40,11
"Rodriguez, Joe Joe",689487.0,NEW_JER6,Four-Seam,55,30,7,12,18,2,11,19,1,1,3,1463.39245,0.1644930830827204,0.2333333333333333,0.2181818181818181,0.1111111111111111,0.1818181818181818,77.02065526315789,0.0526315789473684,0.0526315789473684,0.1578947368421052,-0.062413857581296,0.0002030946925695,-0.985145971627138,0.0289002422236537,-0.7473203550692968,-0.0108510915556061,-0.1186654043907473,-0.0051824742059571,-0.7689572228807359,0.4529158042767534,-1.4481980934770151,0.3461439637085958,0.9731168621964926,0.0478296668938198,-1.5985372170450487,0.4856467962988051,1.3456060023326342,65.12382638090457,92.95774647887325,41,5
"Cerda, Junior",693702.0,EVA_OTT,Sinker,54,22,2,13,17,1,11,20,0,0,8,1450.5146,0.1647753587013808,0.0909090909090909,0.2407407407407407,0.0588235294117647,0.0909090909090909,72.52573,0.0,0.0,0.4,-1.3223747013472007,0.0043030072781837,-0.6176707054617014,0.0181199878154244,-1.2961888666729224,-0.0188206623440908,-0.8710248505760134,-0.0380402682992062,-1.9993705010862093,1.1776292251397773,-2.0504840237295245,0.4901005398997597,-0.7302129662931038,-0.0358906975062723,0.9054205553445108,-0.2750731026575498,1.3223280293260262,64.86219554569647,92.78169014084509,42,3
"Long, Maddox",1000248716.0,WAS_WIL3,Slider,145,56,20,45,47,6,31,28,4,1,5,2096.33501,0.1738220630859974,0.3571428571428571,0.3103448275862069,0.1276595744680851,0.1935483870967742,74.86910750000001,0.1428571428571428,0.0357142857142857,0.1785714285714285,1.0328712528048702,-0.003360963056627,0.5161503036282568,-0.0151417853072385,-0.5736093101734686,-0.0083288071837187,-0.0215867661732935,-0.0009427588390862,-1.3579087140614574,0.7998082325821984,-0.415707927329857,0.0993612616666004,0.425617988753408,0.0209195497652187,-1.384689891763332,0.4206784819469426,1.3129932115742895,64.75727764050734,92.6056338028169,43,16
"Morin, Jacob",822351.0,QUE_CAP,Slider,85,36,11,26,23,7,23,20,2,0,6,1467.59374,0.2064209840154713,0.3055555555555556,0.3058823529411765,0.3043478260869565,0.3043478260869565,73.379687,0.1,0.0,0.3,0.5765024568106348,-0.0018759389944618,0.4434584871793164,-0.0130092981798924,1.2811067530310585,0.0186016700540109,0.8953842839459155,0.0391041178327699,-1.765613548455958,1.039946380040559,-0.9061407562497568,0.216583045136548,-0.7302129662931038,-0.0358906975062723,-0.1288228723816114,0.0391372903896402,1.3025965687729018,64.64042544127526,92.42957746478874,44,17
"Foy, Corbin",813822.0,LAK_ERI24,Four-Seam,96,27,5,27,23,7,28,19,1,0,7,1384.28064,0.1760841350450467,0.1851851851851851,0.28125,0.3043478260869565,0.25,72.85687578947368,0.0526315789473684,0.0,0.3684210526315789,-0.488358067175917,0.0015891171505904,0.0422079208148512,-0.0012382115650244,1.2811067530310585,0.0186016700540109,0.4456041802482024,0.0194608713639797,-1.908724683294792,1.1242388384606323,-1.4481980934770151,0.3461439637085958,-0.7302129662931038,-0.0358906975062723,0.5788173676415246,-0.1758487680110686,1.297056783655444,64.57816148870764,92.25352112676056,45,6
"Villers, Ian",677351.0,QUE_CAP,Splitter,64,42,17,23,39,16,26,20,2,0,3,1542.37631,0.2194221710498644,0.4047619047619047,0.359375,0.4102564102564102,0.6153846153846154,77.11881550000001,0.1,0.0,0.15,1.4541347567995495,-0.0047317544986257,1.314830985776773,-0.0385718817987474,2.3928408411245217,0.034744049013128,3.469510415877445,0.1515239283926156,-0.7420874415759661,0.437089503088244,-0.9061407562497568,0.216583045136548,-0.7302129662931038,-0.0358906975062723,-1.6801880139707943,0.5104528799604252,1.2711990717873154,64.28753589382836,92.0774647887324,46,3
"Hill, Kaleb",1000371973.0,OTT_TIT,Curveball,179,74,22,56,54,8,48,43,4,0,11,3187.95968,0.1981666297192049,0.2972972972972973,0.3128491620111732,0.1481481481481481,0.1666666666666666,74.13859720930232,0.0930232558139534,0.0,0.2558139534883721,0.5034454977845304,-0.0016382116497908,0.5569448476486119,-0.0163385340506196,-0.3585384926833957,-0.0052059789137629,-0.2440586454216254,-0.0106587732214986,-1.557874121474864,0.917587857548695,-0.985978658632067,0.2356656610502607,-0.7302129662931038,-0.0358906975062723,-0.5858141544001303,0.1779744408058403,1.2614957640628517,64.17847637633893,91.90140845070422,47,5
"Riedel, Caleb",1000120428.0,SCH_BOO,Four-Seam,93,47,13,37,36,10,24,30,3,2,10,2212.02453,0.2425228504206638,0.2765957446808511,0.3978494623655914,0.2777777777777778,0.4166666666666667,73.73415100000001,0.1,0.0666666666666666,0.3333333333333333,0.3203085173245087,-0.0010422839153739,1.941563634973074,-0.0569577107955701,1.0021980256672598,0.0145519153326886,1.824929831587857,0.0797001605349364,-1.668584746704663,0.9827964158090464,-0.9061407562497568,0.216583045136548,1.427338149793717,0.0701550974005109,0.2159249368604291,-0.0655995072927564,1.2401871322100302,63.93897978669975,91.72535211267606,48,7
"Colon, Jeffrey",681738.0,TRO_AIG,Sinker,56,27,5,11,6,2,15,17,4,0,3,1256.83128,0.1685786313614986,0.1851851851851851,0.1964285714285714,0.3333333333333333,0.1333333333333333,73.93125176470589,0.2352941176470588,0.0,0.1764705882352941,-0.488358067175917,0.0015891171505904,-1.3394971211438074,0.0392954875458747,1.5853708192461116,0.0230195842954535,-0.5199237756895561,-0.0227066310556899,-1.614631592015682,0.9510180076972368,0.6420883703405167,-0.1534700360136792,-0.7302129662931038,-0.0358906975062723,-1.4064176948668212,0.4272795406244043,1.230134372737918,63.82599263545216,91.54929577464787,49,4
"Pindel, Buddie",1000054422.0,SCH_BOO,Splitter,80,42,9,16,32,3,24,28,4,1,7,2080.01332,0.2220367531797315,0.2142857142857142,0.2,0.09375,0.125,74.28619,0.1428571428571428,0.0357142857142857,0.25,-0.2309192591791684,0.000751411269369,-1.281320066745547,0.0375888054780473,-0.929561853062688,-0.0134972381064702,-0.5888900582565385,-0.0257185955142378,-1.5174729760030368,0.8937915828657886,-0.415707927329857,0.0993612616666004,0.425617988753408,0.0209195497652187,-0.6459445862446723,0.1962424869132351,1.2094392643375511,63.59339169146219,91.37323943661973,50,4
"Cartwright, Eli",1000304859.0,GAT_GRI,Four-Seam,121,46,13,30,41,6,24,30,3,0,7,2262.94306,0.1780697479724498,0.2826086956521739,0.2479338842975206,0.1463414634146341,0.25,75.43143533333334,0.1,0.0,0.2333333333333333,0.3735022900305896,-0.0012153764517595,-0.500497452342465,0.0146825932619185,-0.377503461580269,-0.0054813502621455,0.4456041802482024,0.0194608713639797,-1.2039805412153195,0.7091445387758232,-0.9061407562497568,0.216583045136548,-0.7302129662931038,-0.0358906975062723,-0.818318490865693,0.2486108857544335,1.1658945100725258,63.10397405943485,91.19718309859157,51,8
"Long, Jalon",809215.0,NEW_YOR13,Slider,78,31,8,24,19,6,18,17,1,1,3,1327.21689,0.2185121292459018,0.2580645161290322,0.3076923076923077,0.3157894736842105,0.3333333333333333,78.07158176470588,0.0588235294117647,0.0588235294117647,0.1764705882352941,0.1563713815901338,-0.0005088324756942,0.472941881263502,-0.013874223028746,1.4012109896948952,0.0203455835703698,1.1352670059180296,0.0495805159494581,-0.4812830467334269,0.2834757145259884,-1.377340925212014,0.3292078959214,1.173508606724681,0.0576791215291247,-1.4064176948668212,0.4272795406244043,1.1531853166163053,62.9611301400855,91.02112676056338,52,18
"Hagan, Jack",699522.0,DOW_EAS1,Four-Seam,50,27,10,15,25,6,12,15,1,0,4,1139.87844,0.1296530977509026,0.3703703703703703,0.3,0.24,0.5,75.991896,0.0666666666666666,0.0,0.2666666666666666,1.149888892803392,-0.0037417384571822,0.3476374564057123,-0.0101982924211179,0.6056405260336402,0.0087939004380084,2.514592657257684,0.1098198051204148,-1.0505634751228632,0.6187818868473663,-1.2875885120763468,0.3077555433909522,-0.7302129662931038,-0.0358906975062723,-0.4735706816236526,0.143874088072037,1.139194495484206,62.80388147341684,90.84507042253522,53,9
"Lawson, Nathan",1000569348.0,FLO_Y'A,Sinker,55,24,5,12,8,0,13,15,2,1,2,1157.06007,0.190927184402789,0.2083333333333333,0.2181818181818181,0.0,0.0,77.137338,0.1333333333333333,0.0666666666666666,0.1333333333333333,-0.283577197178503,0.0009227601996188,-0.985145971627138,0.0289002422236537,-1.913665942227001,-0.027786429481136,-1.6233842967612797,-0.0708980623924553,-0.737017206007792,0.4341031343385894,-0.5246930004231679,0.1254105468821443,1.427338149793717,0.0701550974005109,-1.8525619185918152,0.5628212788016236,1.1236285679725495,62.62892953002781,90.66901408450704,54,5
"Lefebvre, Charles",1000429097.0,TRO_AIG,Slider,66,20,5,23,13,0,8,12,1,0,5,858.88176,0.139225899343804,0.25,0.3484848484848485,0.0,0.0,71.57348,0.0833333333333333,0.0,0.4166666666666667,0.0850283688168419,-0.00027668231213,1.137435043388142,-0.0333677944328345,-1.913665942227001,-0.027786429481136,-1.6233842967612797,-0.0708980623924553,-2.260033576793948,1.3311597767316354,-1.0968646341630517,0.2621692942637501,-0.7302129662931038,-0.0358906975062723,1.0777944599655314,-0.3274415014987482,1.097667903371809,62.3371468065011,90.49295774647888,55,19
"Mannering, Shawn",1000457814.0,DOW_EAS1,Sinker,59,18,4,15,10,1,15,15,2,1,4,1122.70383,0.2553833534198337,0.2222222222222222,0.2542372881355932,0.1,0.0666666666666666,74.84692199999999,0.1333333333333333,0.0666666666666666,0.2666666666666666,-0.1607086751800545,0.0005229460290358,-0.3978176813075761,0.011670379498839,-0.8639549137850672,-0.0125446253481591,-1.071654036225418,-0.0468023467240726,-1.3639816367877575,0.8033851840679893,-0.5246930004231679,0.1254105468821443,1.427338149793717,0.0701550974005109,-0.4735706816236526,0.143874088072037,1.0956712698783246,62.31470581095753,90.3169014084507,56,6
"Foster, Kobe",816330.0,WAS_WIL3,Four-Seam,253,125,35,76,79,17,60,83,8,1,23,6246.18305,0.1858281155875218,0.28,0.300395256916996,0.2151898734177215,0.2833333333333333,75.25521746987951,0.0963855421686747,0.0120481927710843,0.2771084337349397,0.3504243763334902,-0.0011402809205891,0.3540760236908942,-0.010387174230996,0.345205891129059,0.0050123895391939,0.7214693105161333,0.031508729198171,-1.2522173385716038,0.7375560124186746,-0.947502561098423,0.2264692196460618,-0.340294089891872,-0.0167257948122754,-0.3655773919815675,0.111064970725744,1.083358071563985,62.17631264596206,90.14084507042254,57,10
"Eisenbarger, Jack",1000570067.0,QUE_CAP,Four-Seam,84,25,8,28,20,7,18,17,2,0,4,1290.75931,0.1655817966332792,0.32,0.3333333333333333,0.35,0.3888888888888889,75.92701823529411,0.1176470588235294,0.0,0.2352941176470588,0.7042857196890208,-0.002291745731868,0.8906232974561322,-0.026127325054173,1.7603226573197672,0.025559884984283,1.595042223031248,0.0696602790064436,-1.0683227165965083,0.6292420800753434,-0.7041978266945038,0.1683152519430402,-0.7302129662931038,-0.0358906975062723,-0.7980392079691024,0.2424498976554691,1.070917625372266,62.03648928906681,89.96478873239437,58,11
"Armstrong, Andrew",803262.0,NEW_YOR13,Slider,68,29,11,20,31,5,11,13,1,0,4,979.55623,0.2234847349667657,0.3793103448275862,0.2941176470588235,0.1612903225806451,0.4545454545454545,75.35047923076924,0.0769230769230769,0.0,0.3076923076923077,1.2289766770782558,-0.0039990901072126,0.2518164256321082,-0.0073872866623435,-0.2205836382883987,-0.0032028744279475,2.1384129341650504,0.0933909080737902,-1.2261409683002973,0.7221970303288751,-1.170219971822011,0.2797024670049816,-0.7302129662931038,-0.0358906975062723,-0.0492656856334479,0.0149672601552409,1.0597777168591118,61.911283216888144,89.7887323943662,59,20
"Widener, Jacob",683179.0,SUS_COU1,Four-Seam,60,25,6,13,16,2,14,18,1,0,9,1286.86468,0.2149949594426664,0.24,0.2166666666666666,0.125,0.1428571428571428,71.49248222222222,0.0555555555555555,0.0,0.5,-0.0034369670220408,1.1183890689720862e-05,-1.0098271462203388,0.0296242891615198,-0.6015271566745838,-0.0087341743149149,-0.441105167041576,-0.0192643859602067,-2.2822054117963617,1.344218987548057,-1.414737764018543,0.3381463761424201,-0.7302129662931038,-0.0358906975062723,1.9396639830706328,-0.5892834957047397,1.058828083256553,61.900609889253104,89.61267605633803,60,12
"Cooper, Garrett",1000327042.0,NEW_YOR13,Changeup,109,47,14,30,24,4,23,25,4,1,5,1899.5705,0.2219665804416189,0.2978723404255319,0.2752293577981651,0.1666666666666666,0.1739130434782608,75.98282,0.16,0.04,0.2,0.5085326361306418,-0.0016547651979691,-0.055865783273958,0.0016388786181248,-0.1641475614904453,-0.0023834225928412,-0.1840879649285969,-0.0080396736923266,-1.0530478837079214,0.6202452035039656,-0.2195347957618961,0.0524725482786211,0.56431770335899,0.0277367794377977,-1.1630663001077333,0.3533476834368301,1.0433632317922026,61.72679398166361,89.43661971830986,61,12
"Toribio, Noe",672848.0,TRO_AIG,Slider,82,36,7,18,27,2,11,22,2,0,7,1641.58245,0.1795327270787463,0.1944444444444444,0.2195121951219512,0.074074074074074,0.1818181818181818,74.6173840909091,0.0909090909090909,0.0,0.3181818181818182,-0.4064457191769512,0.0013225743702017,-0.9634746963745704,0.0282644936928443,-1.136102217455199,-0.0164962041974494,-0.1186654043907473,-0.0051824742059571,-1.4268139364728782,0.8403934085825252,-1.010171962384281,0.2414482719332037,-0.7302129662931038,-0.0358906975062723,0.0592213872049562,-0.0179918719825761,1.03586750068652,61.64254633737266,89.26056338028168,62,21
"Tokar, Heitor",677573.0,OTT_TIT,Slider,80,46,9,23,20,5,24,30,4,1,5,2317.42699,0.1882352141772863,0.1956521739130435,0.2875,0.25,0.2083333333333333,77.24756633333332,0.1333333333333333,0.0333333333333333,0.1666666666666666,-0.3957614998727378,0.0012878079205858,0.1440177660118046,-0.0042249051837223,0.7106116288778336,0.0103180808513061,0.1007727674132884,0.0044010490712405,-0.7068439779722945,0.4163311030256814,-0.5246930004231679,0.1254105468821443,0.3485625917503065,0.0171321999471193,-1.5078141093497748,0.458084481119227,1.0287403636335823,61.56244147518069,89.08450704225352,63,22
"Plumadore, Carson",1000207816.0,WIN_CIT29,Sinker,79,34,7,20,39,8,15,24,1,0,11,1766.00895,0.1658729975742077,0.2058823529411764,0.2531645569620253,0.2051282051282051,0.5333333333333333,73.58370624999999,0.0416666666666666,0.0,0.4583333333333333,-0.3052598775311704,0.0009933156414864,-0.4152920164625998,0.0121830065949468,0.2395874494487603,0.003478809765996,2.790457787525615,0.1218676629546061,-1.7097665700274116,1.0070525097461454,-1.573674328946289,0.3761349170817551,-0.7302129662931038,-0.0358906975062723,1.508729221518082,-0.4583624986017439,1.0274570256769198,61.54801750530322,88.90845070422534,64,7
"Maher, Adam",1000133555.0,TRI_VAL,Four-Seam,72,30,6,19,22,3,19,21,2,2,8,1558.0331,0.22076951975609,0.2,0.2638888888888889,0.1363636363636363,0.1578947368421052,74.19205238095239,0.0952380952380952,0.0952380952380952,0.3809523809523809,-0.3572983103775713,0.0011626487019686,-0.2405972047322424,0.007058159598025,-0.4822418125334556,-0.0070021511179857,-0.3166547323342388,-0.0138292621252332,-1.5432416305798335,0.908969320411522,-0.9606332927964129,0.2296076877443202,2.3520029138309284,0.1156032952177039,0.708421807206201,-0.2152235039818943,1.0263461944484265,61.53553241040241,88.73239436619718,65,13
"Shears, Tanner",808632.0,SCH_BOO,Four-Seam,128,39,16,44,25,8,24,19,0,0,8,1413.43486,0.1967197923503129,0.4102564102564102,0.34375,0.32,0.3333333333333333,74.39130842105264,0.0,0.0,0.4210526315789473,1.5027420841835508,-0.0048899227419332,1.0603063727843889,-0.0311051477520028,1.4454093487871873,0.0209873437443899,1.1352670059180296,0.0495805159494581,-1.4886985040207614,0.8768434188682285,-2.0504840237295245,0.4901005398997597,-0.7302129662931038,-0.0358906975062723,1.123156013813167,-0.3412226590885369,1.0244033913730908,61.51369643735181,88.55633802816901,66,14
"Zaffiro, Cole",10994263.0,SCH_BOO,Four-Seam,108,41,15,35,26,7,26,23,1,1,8,1734.05039,0.1659491721327132,0.3658536585365853,0.324074074074074,0.2692307692307692,0.2692307692307692,75.3934952173913,0.0434782608695652,0.0434782608695652,0.3478260869565217,1.1099316498770675,-0.0036117175886999,0.7397938971643482,-0.0217025937672133,0.912479134347436,0.0132491970307247,0.6047571400181625,0.0264115585760132,-1.2143660359007058,0.7152615951455157,-1.5529434726513645,0.3711798900027112,0.6768855876765629,0.0332696035198907,0.3658152887047942,-0.1111372454155374,1.0229202875034047,61.49702721516411,88.38028169014085,67,15
"Brown, Ethan",690384.0,WAS_WIL3,Four-Seam,67,30,3,15,21,2,16,25,4,0,7,1855.97672,0.2163833937554682,0.1,0.2238805970149253,0.0952380952380952,0.125,74.2390688,0.16,0.0,0.28,-1.2419516687663985,0.0040413107301658,-0.8923152850974866,0.0261769612036198,-0.9139411532346836,-0.0132704255449676,-0.5888900582565385,-0.0257185955142378,-1.5303716443391262,0.9013888985157452,-0.2195347957618961,0.0524725482786211,-0.7302129662931038,-0.0358906975062723,-0.3356715579268354,0.1019793689990781,1.0111793691617526,61.36506614316852,88.20422535211267,68,16
"MacMillan, Blake",832350.0,TRO_AIG,Four-Seam,92,45,15,28,25,7,18,28,4,0,6,2138.392,0.1954940118722929,0.3333333333333333,0.3043478260869565,0.28,0.3888888888888889,76.37114285714286,0.1428571428571428,0.0,0.2142857142857142,0.8222395008075307,-0.0026755673356277,0.4184616965427232,-0.0122759923297773,1.025524937410414,0.0148906220911992,1.595042223031248,0.0696602790064436,-0.946750766028243,0.5576362011906352,-0.415707927329857,0.0993612616666004,-0.7302129662931038,-0.0358906975062723,-1.0153172390040026,0.308460484430089,0.99916659121329,61.23004952780714,88.02816901408451,69,17
"Baird, Dustin",1000027580.0,MIS_MUD,Slider,57,23,8,19,22,6,16,10,2,0,2,757.05236,0.2119157234838034,0.3478260869565217,0.3333333333333333,0.2727272727272727,0.375,75.705236,0.2,0.0,0.2,0.950450132458085,-0.0030927647310186,0.8906232974561322,-0.026127325054173,0.949182317160091,0.0137821272451645,1.4800984187529431,0.0646403382421973,-1.129032025695066,0.6649998631343939,0.238202511230011,-0.0569344496266635,-0.7302129662931038,-0.0358906975062723,-1.1630663001077333,0.3533476834368301,0.9747247751404582,60.95533777557156,87.85211267605634,70,23
"Pierson, Kenny",1000055344.0,LAK_ERI24,Sinker,88,33,0,20,9,0,22,27,3,0,2,2132.78449,0.182843843891268,0.0,0.2272727272727272,0.0,0.0,78.99201814814815,0.1111111111111111,0.0,0.074074074074074,-2.1266050271552253,0.0069199727583631,-0.8370589240679321,0.0245559605964568,-1.913665942227001,-0.027786429481136,-1.6233842967612797,-0.0708980623924553,-0.2293284353379214,0.1350744484140357,-0.7789915043075604,0.1861922123850801,-0.7302129662931038,-0.0358906975062723,-2.465446912799888,0.7490200302369955,0.9671874350110676,60.87062247013065,87.67605633802818,71,8
"Gollert, Harley",8890793.0,QUE_CAP,Slider,57,27,4,15,21,2,15,22,5,1,6,1626.29731,0.2158463395148983,0.1481481481481481,0.2631578947368421,0.0952380952380952,0.1333333333333333,73.92260499999999,0.2272727272727272,0.0454545454545454,0.2727272727272727,-0.8160074591717783,0.0026552882721449,-0.2525047889658046,0.0074074804891008,-0.9139411532346836,-0.0132704255449676,-0.5199237756895561,-0.0227066310556899,-1.6169985043634492,0.9524121190700716,0.5502961296335831,-0.1315301300166301,0.7408446128570011,0.0364132535665344,-0.410889261761463,0.1248310339479647,0.9562119887285288,60.74726485746965,87.5,72,24
"Anderson, Colt",1000568252.0,WAS_WIL3,Four-Seam,107,51,10,33,25,7,33,37,5,1,15,2698.95129,0.2355652683028634,0.196078431372549,0.308411214953271,0.28,0.2121212121212121,72.94462945945946,0.1351351351351351,0.027027027027027,0.4054054054054054,-0.3919905989418394,0.0012755374089567,0.4846525751754443,-0.0142177679453468,1.025524937410414,0.0148906220911992,0.132121077671008,0.0057701238251259,-1.8847035317871652,1.1100903802226405,-0.50407420281092,0.1204823037332576,0.1444699186069587,0.0071008409694506,0.9613256054918684,-0.292057448227668,0.9533345920776156,60.71492459791227,87.32394366197182,73,18
"Kaminer, Brandon",690510.0,DOW_EAS1,Four-Seam,151,66,7,31,35,6,45,50,4,0,14,3805.28521,0.2187273651949765,0.106060606060606,0.2052980132450331,0.1714285714285714,0.1333333333333333,76.1057042,0.08,0.0,0.28,-1.1883363137125305,0.0038668463648205,-1.1950176814130304,0.0350570387019326,-0.114161322040829,-0.0016576223960328,-0.5199237756895561,-0.0227066310556899,-1.0194103163381285,0.6004326763231576,-1.1350094097457102,0.2712865440891904,-0.7302129662931038,-0.0358906975062723,-0.3356715579268354,0.1019793689990781,0.952367523520184,60.70405531155678,87.14788732394366,74,19
"Simpson, Garret",1000073158.0,EVA_OTT,Curveball,64,22,8,22,15,5,18,11,1,0,1,875.9283800000001,0.1903078505991858,0.3636363636363636,0.34375,0.3333333333333333,0.2777777777777778,79.62985272727273,0.0909090909090909,0.0,0.0909090909090909,1.090316276076872,-0.0035478891623541,1.0603063727843889,-0.0311051477520028,1.5853708192461116,0.0230195842954535,0.6754917888048116,0.0295007528924725,-0.0547315089138029,0.0322368587502299,-1.010171962384281,0.2414482719332037,-0.7302129662931038,-0.0358906975062723,-2.2913318576271395,0.6961226576701284,0.9517843911208588,60.69750124361328,86.97183098591549,75,6
"Zentko, Dylan",1000303828.0,EVA_OTT,Four-Seam,69,28,5,19,25,3,15,19,1,0,6,1439.44835,0.1970488084844565,0.1785714285714285,0.2753623188405797,0.12,0.2,75.76043947368422,0.0526315789473684,0.0,0.3157894736842105,-0.546866887175178,0.001779504850868,-0.0536999043706848,0.0015753403946184,-0.6540127080966804,-0.0094962645215638,0.0318064848463061,0.0013890846126927,-1.1139209653219715,0.6560994485746413,-1.4481980934770151,0.3461439637085958,-0.7302129662931038,-0.0358906975062723,0.0344787214698814,-0.0104748769336002,0.9511255031799798,60.6900957275818,86.79577464788733,76,20
"Vailes, Gage",1000050773.0,GAT_GRI,Slider,177,86,28,64,71,20,49,49,5,1,17,3669.9732,0.1959051137678188,0.3255813953488372,0.3615819209039548,0.2816901408450704,0.4081632653061224,74.89741224489796,0.1020408163265306,0.0204081632653061,0.3469387755102041,0.7536617210874665,-0.0024524152404186,1.3507807898717423,-0.0396265052516774,1.0432665322573194,0.0151482300483762,1.7545560738664456,0.0766267274139692,-1.3501607467606194,0.7952446798420048,-0.8827868120154759,0.211001055447503,-0.0697381348379546,-0.0034276990654203,0.3566383283877928,-0.1083492206325101,0.9441648525618268,60.61186207578135,86.61971830985915,77,25
"Correa, Nelvin",673388.0,QUE_CAP,Four-Seam,55,19,3,15,7,0,16,15,1,0,2,1180.82242,0.1871247318182492,0.1578947368421052,0.2727272727272727,0.0,0.0,78.72149466666666,0.0666666666666666,0.0,0.1333333333333333,-0.7297839349623412,0.0023747169243674,-0.0966236862719041,0.0028345524604725,-1.913665942227001,-0.027786429481136,-1.6233842967612797,-0.0708980623924553,-0.3033798742816139,0.1786907459518706,-1.2875885120763468,0.3077555433909522,-0.7302129662931038,-0.0358906975062723,-1.8525619185918152,0.5628212788016236,0.9199016481494228,60.33915781439913,86.44366197183099,78,21
"Wehrle, Tyler",806332.0,WIN_CIT29,Four-Seam,227,87,30,68,58,15,47,46,4,0,15,3477.44388,0.188341603664606,0.3448275862068966,0.2995594713656387,0.2586206896551724,0.3191489361702128,75.59660608695651,0.0869565217391304,0.0,0.3260869565217391,0.9239237948752124,-0.0030064480285239,0.3404614320746487,-0.0099877765713418,0.801103958915931,0.0116320294834593,1.01787758878274,0.0444537679349086,-1.1587677119620965,0.6825141823456748,-1.055402921573205,0.2522592401056627,-0.7302129662931038,-0.0358906975062723,0.1409797609382461,-0.0428306382313657,0.8991436595322017,60.10585013345878,86.26760563380282,79,22
"Garcia, Brett",702286.0,OTT_TIT,Curveball,72,24,10,28,26,9,16,11,2,0,1,868.1513600000001,0.1905853989108366,0.4166666666666667,0.3888888888888889,0.3461538461538461,0.5625,78.92285090909091,0.1818181818181818,0.0,0.0909090909090909,1.55945063279822,-0.0050744523591254,1.7955996992068326,-0.0526757127759316,1.7199491562258462,0.0249736617483992,3.0318397765100547,0.1324095385595236,-0.2482618512170202,0.1462262303668249,0.0301400989609619,-0.0072039960333522,-0.7302129662931038,-0.0358906975062723,-2.2913318576271395,0.6961226576701284,0.8988872296701945,60.102968011422206,86.09154929577466,80,7
"Mercado, Nelson",683319.0,OTT_TIT,Four-Seam,81,39,7,12,12,1,17,27,3,0,7,2057.97896,0.1696061604864009,0.1794871794871795,0.1481481481481481,0.0833333333333333,0.0588235294117647,76.22144296296295,0.1111111111111111,0.0,0.2592592592592592,-0.5387656659445103,0.0017531434769834,-2.1259647083795348,0.062367300685022,-1.0389067518587232,-0.0150849260369886,-1.1365634786414014,-0.0496371368027059,-0.9877286970863232,0.5817722025838443,-0.7789915043075604,0.1861922123850801,-0.7302129662931038,-0.0358906975062723,-0.5501813058996617,0.1671489320014585,0.8986210307864214,60.09997609128065,85.91549295774648,81,23
"Cook, Cole",1000161363.0,SCH_BOO,Slider,126,73,40,55,60,25,46,24,2,0,4,1896.302,0.2092422477284972,0.547945205479452,0.4365079365079365,0.4166666666666667,0.5434782608695652,79.01258333333332,0.0833333333333333,0.0,0.1666666666666666,2.7208106352493053,-0.0088535178071012,2.571293757850289,-0.0754314736802961,2.46013000961439,0.0357210877396009,2.874416740215855,0.125534402295447,-0.2236990476531039,0.1317587390676782,-1.0968646341630517,0.2621692942637501,-0.7302129662931038,-0.0358906975062723,-1.5078141093497748,0.458084481119227,0.8930923154920336,60.03783655706571,85.73943661971832,82,26
"McEvoy, Aidan",1000079355.0,FLO_Y'A,Cutter,51,26,6,14,14,1,6,15,0,0,3,1189.1544,0.2153777968589886,0.2307692307692307,0.2745098039215686,0.0714285714285714,0.1666666666666666,79.27695999999999,0.0,0.0,0.2,-0.0850972770271638,0.0002769065394463,-0.0675870102799033,0.0019827325335712,-1.1638723504827628,-0.0168994265290097,-0.2440586454216254,-0.0106587732214986,-0.1513302001039386,0.0891334878612198,-2.0504840237295245,0.4901005398997597,-0.7302129662931038,-0.0358906975062723,-1.1630663001077333,0.3533476834368301,0.8713924530140467,59.7939427634607,85.56338028169014,83,3
"Thompson, Ross",1000103401.0,SCH_BOO,Splitter,78,39,22,28,25,7,19,15,2,0,4,1140.8934,0.1988145613514185,0.5641025641025641,0.358974358974359,0.28,0.3684210526315789,76.05955999999999,0.1333333333333333,0.0,0.2666666666666666,2.863747250935593,-0.0093186335545444,1.308304713648763,-0.0383804270796001,1.025524937410414,0.0148906220911992,1.4256513535684832,0.0622624715643963,-1.0320415466852817,0.6078724709976309,-0.5246930004231679,0.1254105468821443,-0.7302129662931038,-0.0358906975062723,-0.4735706816236526,0.143874088072037,0.8707204414669909,59.786389745752686,85.38732394366197,84,5
"Quigley, Michael",808828.0,NEW_ENG23,Four-Seam,145,66,25,44,43,11,30,38,5,1,11,2893.91755,0.1912926744695101,0.3787878787878788,0.3034482758620689,0.2558139534883721,0.3666666666666666,76.155725,0.131578947368421,0.0263157894736842,0.2894736842105263,1.224354663711543,-0.0039840500757173,0.4038084054798929,-0.0118461233831581,0.7716413398337602,0.0112042322543861,1.41113213618596,0.0616283737836494,-1.005717929278678,0.5923678603451413,-0.5447691980982519,0.1302090994218498,0.1214519479516943,0.0059694846937737,-0.2376906016159398,0.0722120686051338,0.8577609456450589,59.64073257385007,85.2112676056338,85,24
"Perozzi, John",1000377762.0,SUS_COU1,Slider,83,46,22,31,27,10,23,19,4,0,5,1430.33792,0.1910195401296798,0.4782608695652174,0.3734939759036144,0.3703703703703703,0.4347826086956521,75.28094315789474,0.2105263157894736,0.0,0.2631578947368421,2.104345817313077,-0.0068475412895367,1.5448231059506132,-0.0453189306361671,1.9741526816320123,0.0286646969372968,1.9748565328204275,0.0862479093578665,-1.2451753464868074,0.7334082790807295,0.3586596972805116,-0.085725764864896,-0.7302129662931038,-0.0358906975062723,-0.5098599247017617,0.1548990141438681,0.8294369652228886,59.322387559352165,85.03521126760563,86,27
"Heredia-Bustos, Rolando",837343.0,DOW_EAS1,Slider,300,161,39,84,89,19,84,103,14,0,31,7795.14702,0.1933084086832404,0.2422360248447205,0.28,0.2134831460674157,0.2261904761904762,75.68103902912621,0.1359223300970873,0.0,0.3009708737864077,0.0163441018611877,-5.318370745630506e-05,0.0218459517754609,-0.0006408728412849,0.3272901859074641,0.0047522534993763,0.2485576586282517,0.0108552586252716,-1.135655556123811,0.6689011225569247,-0.49506599026188,0.1183291877944237,-0.7302129662931038,-0.0358906975062723,-0.118781674054174,0.0360867040493764,0.8023397724703594,59.01783092249952,84.85915492957746,87,28
"Villers, Ian",677351.0,QUE_CAP,Slider,66,27,12,30,17,4,15,11,1,0,3,842.16899,0.2393614420979875,0.4444444444444444,0.4545454545454545,0.2352941176470588,0.2666666666666666,76.56081727272728,0.0909090909090909,0.0,0.2727272727272727,1.805187676795116,-0.0058740807002913,2.865117264912204,-0.0840510800834644,0.5562423599893136,0.0080766390670448,0.5835367453821674,0.0254848002810753,-0.8948304546086545,0.5270551377644975,-1.010171962384281,0.2414482719332037,-0.7302129662931038,-0.0358906975062723,-0.410889261761463,0.1248310339479647,0.8010800247037582,59.00367209259479,84.6830985915493,88,29
"Calderon, Jean",703300.0,LAK_ERI24,Slider,73,29,14,28,22,6,14,11,2,0,4,812.65953,0.1991435323044645,0.4827586206896552,0.3835616438356164,0.2727272727272727,0.4285714285714285,73.87813909090909,0.1818181818181818,0.0,0.3636363636363636,2.144135323687387,-0.0069770163432787,1.7088211401348472,-0.0501299769669958,0.949182317160091,0.0137821272451645,1.923453092397832,0.0840029669042905,-1.62917032964859,0.9595813241630194,0.0301400989609619,-0.0072039960333522,-0.7302129662931038,-0.0358906975062723,0.529332036171375,-0.1608147779131169,0.7963499535494584,58.95050885255057,84.50704225352112,89,30
"Darden, Nathan",1000439869.0,FLO_Y'A,Four-Seam,72,39,7,20,16,3,19,29,3,1,4,2310.44161,0.1913247977666336,0.1794871794871795,0.2777777777777778,0.1875,0.1578947368421052,79.67040034482758,0.1034482758620689,0.0344827586206896,0.1379310344827586,-0.5387656659445103,0.0017531434769834,-0.0143531042945672,0.0004210626675854,0.0545422361016249,0.0007919532681955,-0.3166547323342388,-0.0138292621252332,-0.0436322527263853,0.0256993968558409,-0.8666806435780414,0.2071514073860927,0.3857617489242166,0.0189605757213741,-1.805010496627396,0.5483748239488792,0.7893231011997183,58.871531131912064,84.33098591549296,90,25
"Whitesell, Max",1000223610.0,FLO_Y'A,Slider,112,59,16,29,46,11,37,38,5,1,12,2891.52131,0.2055112244588078,0.2711864406779661,0.2589285714285714,0.2391304347826087,0.2972972972972973,76.09266605263159,0.131578947368421,0.0263157894736842,0.3157894736842105,0.2724549277975255,-0.0008865683350531,-0.3213986691742698,0.0094285513588963,0.5965126040471888,0.0086613630107651,0.8370344326554018,0.0365558047773593,-1.0229792988475357,0.6025348070211983,-0.5447691980982519,0.1302090994218498,0.1214519479516943,0.0059694846937737,0.0344787214698814,-0.0104748769336002,0.7819976650151894,58.78919750317739,84.15492957746478,91,31
"Plumadore, Carson",1000207816.0,WIN_CIT29,Slider,63,29,9,25,20,6,21,19,1,0,5,1479.14903,0.1940934807032198,0.3103448275862069,0.3968253968253968,0.3,0.2857142857142857,77.84994894736842,0.0526315789473684,0.0,0.2631578947368421,0.6188709126721685,-0.0020138059498352,1.924882042314075,-0.0564683395933257,1.2354671430988005,0.0179389829177945,0.7411739626781283,0.0323692904720418,-0.5419514550767773,0.3192094070402218,-1.4481980934770151,0.3461439637085958,-0.7302129662931038,-0.0358906975062723,-0.5098599247017617,0.1548990141438681,0.7761878152330889,58.7238981813467,83.97887323943662,92,32
"Dima, Josh",1000098214.0,GAT_GRI,Four-Seam,189,74,26,71,53,16,40,45,4,0,14,3448.09895,0.2123620190949056,0.3513513513513513,0.3756613756613756,0.3018867924528302,0.4,76.62442111111112,0.0888888888888888,0.0,0.3111111111111111,0.9816365023190308,-0.0031942451785461,1.5801291273614264,-0.0463546680802748,1.255273011559969,0.0182265641278507,1.6869972664538917,0.0736762316178408,-0.8774199299145614,0.5168003387196767,-1.0332900081919545,0.2469738778880163,-0.7302129662931038,-0.0358906975062723,-0.0139069359675977,0.0042250244955079,0.7744624260837992,58.70450581397608,83.80281690140845,93,26
"Vega, Lucas",837223.0,TRO_AIG,Slider,73,30,9,22,34,6,23,18,1,0,6,1378.02914,0.1849957386837678,0.3,0.3013698630136986,0.1764705882352941,0.2608695652173913,76.55717444444446,0.0555555555555555,0.0,0.3333333333333333,0.5273550480112552,-0.0017160133262286,0.3699519430242226,-0.0108529102005585,-0.061234715564765,-0.0008891280700003,0.535560200987745,0.0233895206577377,-0.8958276200846065,0.5276424682298332,-1.414737764018543,0.3381463761424201,-0.7302129662931038,-0.0358906975062723,0.2159249368604291,-0.0655995072927564,0.7742301086341746,58.70189470138644,83.62676056338029,94,33
"Morgan, Marcus",808861.0,JOL_SLA,Sinker,83,30,10,23,21,7,19,18,2,0,6,1369.33418,0.2187536391580797,0.3333333333333333,0.2771084337349397,0.3333333333333333,0.3684210526315789,76.07412111111111,0.1111111111111111,0.0,0.3333333333333333,0.8222395008075307,-0.0026755673356277,-0.025256434436143,0.0007409227606186,1.5853708192461116,0.0230195842954535,1.4256513535684832,0.0622624715643963,-1.0280556774199134,0.605524794000329,-0.7789915043075604,0.1861922123850801,-0.7302129662931038,-0.0358906975062723,0.2159249368604291,-0.0655995072927564,0.7735742128712212,58.69452281568908,83.45070422535211,95,9
"Garcia, Andrew",1000190083.0,EVA_OTT,Slider,178,59,22,65,42,12,32,30,4,1,8,2311.28895,0.1881405291839584,0.3728813559322034,0.3651685393258427,0.2857142857142857,0.375,77.04296500000001,0.1333333333333333,0.0333333333333333,0.2666666666666666,1.172102410904807,-0.0038140212450842,1.4092052804818145,-0.0413404461082145,1.085508424749953,0.0157615823273693,1.4800984187529431,0.0646403382421973,-0.7628502923231126,0.4493188221783133,-0.5246930004231679,0.1254105468821443,0.3485625917503065,0.0171321999471193,-0.4735706816236526,0.143874088072037,0.770983110295882,58.66540033450468,83.27464788732394,96,34
"Riedel, Caleb",1000120428.0,SCH_BOO,Sinker,52,26,6,19,18,3,15,16,2,0,5,1208.44372,0.177949250506159,0.2307692307692307,0.3653846153846153,0.1666666666666666,0.2,75.5277325,0.125,0.0,0.3125,-0.0850972770271638,0.0002769065394463,1.4127250676969196,-0.0414437025859568,-0.1641475614904453,-0.0023834225928412,0.0318064848463061,0.0013890846126927,-1.1776207453158474,0.693618618991034,-0.6200549393798148,0.1482036714457452,-0.7302129662931038,-0.0358906975062723,0.0004575560841539,-0.0001390087412585,0.7636314501625893,58.582771963886096,83.09859154929578,97,10
"Langhorne, Miles",695680.0,SUS_COU1,Four-Seam,70,30,3,9,10,1,15,21,2,0,7,1596.26028,0.2445478325899684,0.1,0.1285714285714285,0.1,0.0666666666666666,76.01239428571428,0.0952380952380952,0.0,0.3333333333333333,-1.2419516687663985,0.0040413107301658,-2.4448611547107344,0.0717224468345941,-0.8639549137850672,-0.0125446253481591,-1.071654036225418,-0.0468023467240726,-1.044952400088974,0.6154769636524057,-0.9606332927964129,0.2296076877443202,-0.7302129662931038,-0.0358906975062723,0.2159249368604291,-0.0655995072927564,0.7600112320902251,58.542082824946064,82.9225352112676,98,27
"VanMarter, Luke",1000565948.0,LEM_COL,Changeup,53,21,2,15,15,0,14,17,2,2,6,1287.11454,0.2534708585472254,0.0952380952380952,0.2830188679245283,0.0,0.0,75.71262,0.1176470588235294,0.1176470588235294,0.3529411764705882,-1.2840780191658665,0.0041783898743657,0.0710220279460644,-0.0020835022118257,-1.913665942227001,-0.027786429481136,-1.6233842967612797,-0.0708980623924553,-1.1270107748144922,0.6638093463657359,-0.7041978266945038,0.1683152519430402,3.077230179742465,0.1512489405645219,0.4187177658263353,-0.1272093882824014,0.7595745463798451,58.53717473234291,82.74647887323944,99,13
"Langhorne, Miles",695680.0,SUS_COU1,Slider,61,30,13,21,21,5,19,14,2,0,2,1103.33,0.2234842544640159,0.4333333333333333,0.3442622950819672,0.238095238095238,0.2631578947368421,78.8092857142857,0.1428571428571428,0.0,0.1428571428571428,1.7068928591963572,-0.0055542293638249,1.0686514420628277,-0.0313499587043551,0.5856460302537928,0.008503580359285,0.5544983106171224,0.0242166047195815,-0.2793484912498616,0.1645362613461685,-0.415707927329857,0.0993612616666004,-0.7302129662931038,-0.0358906975062723,-1.754062544522661,0.532896479463796,0.7567193019809793,58.50508345117395,82.57042253521126,100,35
