dependent,model,formula,term,coefficient,robust_se,t_stat,p_value,p_stars,ci_lower,ci_upper,r_squared,adj_r_squared,aic,bic,sample_size
xwoba_frontier,Model 1,xwoba_frontier ~ movement_quality_20_80,Intercept,0.2538363115221211,0.0057604969016497795,44.06500269958023,2.990677435212897e-235,***,0.24253206882848807,0.2651405542157541,0.004373088682935511,0.0033633250811940796,-5595.481143095838,-5585.689777700342,988
xwoba_frontier,Model 1,xwoba_frontier ~ movement_quality_20_80,movement_quality_20_80,-0.0002252931557319155,0.00011289733234113734,-1.9955578317046165,0.046256838727952054,*,-0.0004468398149936292,-3.7464964702018104e-06,0.004373088682935511,0.0033633250811940796,-5595.481143095838,-5585.689777700342,988
xwoba_frontier,Model 2,xwoba_frontier ~ location_score_20_80,Intercept,0.3129542384315852,0.009483823555036635,32.998741131722404,1.7557622228981167e-161,***,0.2943434406201978,0.3315650362429726,0.05607698902804514,0.055119663459108015,-5648.169200903502,-5638.377835508007,988
xwoba_frontier,Model 2,xwoba_frontier ~ location_score_20_80,location_score_20_80,-0.00141406668131623,0.00018689610997725477,-7.566057321836831,8.805810045089394e-14,***,-0.001780826532375909,-0.001047306830256551,0.05607698902804514,0.055119663459108015,-5648.169200903502,-5638.377835508007,988
xwoba_frontier,Model 3,xwoba_frontier ~ movement_quality_20_80 + location_score_20_80,Intercept,0.32384416380027,0.010665121692953113,30.364788431270053,1.798009947658696e-143,***,0.3029151924876148,0.3447731351129252,0.060354296492495574,0.05844638643461231,-5650.656413933271,-5635.969365840027,988
xwoba_frontier,Model 3,xwoba_frontier ~ movement_quality_20_80 + location_score_20_80,movement_quality_20_80,-0.00022281331804558665,0.00010802990729680881,-2.062515127717494,0.0394204585216467,*,-0.00043480853908630084,-1.0818097004872427e-05,0.060354296492495574,0.05844638643461231,-5650.656413933271,-5635.969365840027,988
xwoba_frontier,Model 3,xwoba_frontier ~ movement_quality_20_80 + location_score_20_80,location_score_20_80,-0.0014128652165233205,0.00018751550169149298,-7.534658221738997,1.1068713563945861e-13,***,-0.0017808410041950623,-0.0010448894288515786,0.060354296492495574,0.05844638643461231,-5650.656413933271,-5635.969365840027,988
xwoba_frontier,Model 4,xwoba_frontier ~ movement_quality_20_80 + location_score_20_80 + C(pitch_type) + C(batter_side),Intercept,0.32942257259431684,0.016175865955047813,20.36506567931331,3.913277300301093e-77,***,0.2976791733759907,0.361165971812643,0.08494003455402743,0.07651923732599697,-5662.851548324548,-5613.894721347069,988
xwoba_frontier,Model 4,xwoba_frontier ~ movement_quality_20_80 + location_score_20_80 + C(pitch_type) + C(batter_side),movement_quality_20_80,-0.0003057011703217076,0.00020599652637192943,-1.4840112874998685,0.13812812636185876,,-0.0007099472238179688,9.854488317455361e-05,0.08494003455402743,0.07651923732599697,-5662.851548324548,-5613.894721347069,988
xwoba_frontier,Model 4,xwoba_frontier ~ movement_quality_20_80 + location_score_20_80 + C(pitch_type) + C(batter_side),location_score_20_80,-0.0013408807730997709,0.00019514350284567452,-6.8712550176993625,1.1315058891014759e-11,***,-0.0017238289338292905,-0.0009579326123702513,0.08494003455402743,0.07651923732599697,-5662.851548324548,-5613.894721347069,988
xwoba_frontier,Model 4,xwoba_frontier ~ movement_quality_20_80 + location_score_20_80 + C(pitch_type) + C(batter_side),pitch_type_Curveball,0.014282733754420974,0.009621420825532264,1.4844724093679629,0.13800585508293206,,-0.0045982710190564016,0.03316373852789835,0.08494003455402743,0.07651923732599697,-5662.851548324548,-5613.894721347069,988
xwoba_frontier,Model 4,xwoba_frontier ~ movement_quality_20_80 + location_score_20_80 + C(pitch_type) + C(batter_side),pitch_type_Cutter,-0.024552461743091752,0.010504607437962393,-2.3373040723408756,0.01962434822240589,*,-0.04516662536571884,-0.003938298120464666,0.08494003455402743,0.07651923732599697,-5662.851548324548,-5613.894721347069,988
xwoba_frontier,Model 4,xwoba_frontier ~ movement_quality_20_80 + location_score_20_80 + C(pitch_type) + C(batter_side),pitch_type_Four-Seam,-0.009180352815072528,0.0069771732238175154,-1.3157696563608545,0.18855970727515123,,-0.02287230573274249,0.004511600102597435,0.08494003455402743,0.07651923732599697,-5662.851548324548,-5613.894721347069,988
xwoba_frontier,Model 4,xwoba_frontier ~ movement_quality_20_80 + location_score_20_80 + C(pitch_type) + C(batter_side),pitch_type_Sinker,0.0006338159739087672,0.008078602162624703,0.07845614391572454,0.9374812634620221,,-0.015219572913392444,0.016487204861209977,0.08494003455402743,0.07651923732599697,-5662.851548324548,-5613.894721347069,988
xwoba_frontier,Model 4,xwoba_frontier ~ movement_quality_20_80 + location_score_20_80 + C(pitch_type) + C(batter_side),pitch_type_Slider,-0.011174497742970945,0.006817713309268779,-1.6390389616088805,0.10152676303269353,,-0.02455352770857718,0.0022045322226352908,0.08494003455402743,0.07651923732599697,-5662.851548324548,-5613.894721347069,988
xwoba_frontier,Model 4,xwoba_frontier ~ movement_quality_20_80 + location_score_20_80 + C(pitch_type) + C(batter_side),pitch_type_Splitter,-0.0557631197693589,0.025270955064526035,-2.2066091141777258,0.02757312117697554,*,-0.10535465431043875,-0.006171585228279049,0.08494003455402743,0.07651923732599697,-5662.851548324548,-5613.894721347069,988
xwoba_frontier,Model 4,xwoba_frontier ~ movement_quality_20_80 + location_score_20_80 + C(pitch_type) + C(batter_side),batter_side_R,0.0016541449816527918,0.0037488208486508526,0.44124407338592747,0.6591338385435219,,-0.005702513210706502,0.009010803174012086,0.08494003455402743,0.07651923732599697,-5662.851548324548,-5613.894721347069,988
xwoba_frontier,Model 5,xwoba_frontier ~ movement_quality_20_80 + location_score_20_80 + pitch_count + batted_ball_count + C(pitch_type) + C(batter_side),Intercept,0.32880396823151936,0.016099351220357633,20.423429722791976,1.793003188910924e-77,***,0.2972106407422748,0.3603972957207639,0.09623707242436441,0.08605121975701602,-5671.124999460446,-5612.376807087471,988
xwoba_frontier,Model 5,xwoba_frontier ~ movement_quality_20_80 + location_score_20_80 + pitch_count + batted_ball_count + C(pitch_type) + C(batter_side),movement_quality_20_80,-0.0003339624005392654,0.00020590323381601466,-1.621938589064018,0.10513946340235263,,-0.000738026403368029,7.01016022894981e-05,0.09623707242436441,0.08605121975701602,-5671.124999460446,-5612.376807087471,988
xwoba_frontier,Model 5,xwoba_frontier ~ movement_quality_20_80 + location_score_20_80 + pitch_count + batted_ball_count + C(pitch_type) + C(batter_side),location_score_20_80,-0.0012408007606131497,0.0001971004376896593,-6.295271462394359,4.630414962542887e-10,***,-0.0016275901778369153,-0.0008540113433893842,0.09623707242436441,0.08605121975701602,-5671.124999460446,-5612.376807087471,988
xwoba_frontier,Model 5,xwoba_frontier ~ movement_quality_20_80 + location_score_20_80 + pitch_count + batted_ball_count + C(pitch_type) + C(batter_side),pitch_count,-0.0002917126908919443,7.817669342670473e-05,-3.731453430752251,0.00020136665174146217,***,-0.0004451264430146394,-0.00013829893876924924,0.09623707242436441,0.08605121975701602,-5671.124999460446,-5612.376807087471,988
xwoba_frontier,Model 5,xwoba_frontier ~ movement_quality_20_80 + location_score_20_80 + pitch_count + batted_ball_count + C(pitch_type) + C(batter_side),batted_ball_count,0.0004986312218991703,0.00012996362268200587,3.8366983899734612,0.00013271174204056467,***,0.00024359092636917366,0.0007536715174291669,0.09623707242436441,0.08605121975701602,-5671.124999460446,-5612.376807087471,988
xwoba_frontier,Model 5,xwoba_frontier ~ movement_quality_20_80 + location_score_20_80 + pitch_count + batted_ball_count + C(pitch_type) + C(batter_side),pitch_type_Curveball,0.015716823654721157,0.009617994061389726,1.634106192455914,0.10255904549084782,,-0.003157504385706847,0.03459115169514916,0.09623707242436441,0.08605121975701602,-5671.124999460446,-5612.376807087471,988
xwoba_frontier,Model 5,xwoba_frontier ~ movement_quality_20_80 + location_score_20_80 + pitch_count + batted_ball_count + C(pitch_type) + C(batter_side),pitch_type_Cutter,-0.026912877977540994,0.010516266862214326,-2.5591665112874633,0.010642145864795118,*,-0.047549974366997046,-0.006275781588084943,0.09623707242436441,0.08605121975701602,-5671.124999460446,-5612.376807087471,988
xwoba_frontier,Model 5,xwoba_frontier ~ movement_quality_20_80 + location_score_20_80 + pitch_count + batted_ball_count + C(pitch_type) + C(batter_side),pitch_type_Four-Seam,-0.0145848072870427,0.007128926516069131,-2.045863041815266,0.04103744476172363,*,-0.02857459525962462,-0.0005950193144607808,0.09623707242436441,0.08605121975701602,-5671.124999460446,-5612.376807087471,988
xwoba_frontier,Model 5,xwoba_frontier ~ movement_quality_20_80 + location_score_20_80 + pitch_count + batted_ball_count + C(pitch_type) + C(batter_side),pitch_type_Sinker,-0.004236791651511279,0.008131453890056636,-0.52103740718399,0.6024589047318453,,-0.020193936892705915,0.011720353589683357,0.09623707242436441,0.08605121975701602,-5671.124999460446,-5612.376807087471,988
xwoba_frontier,Model 5,xwoba_frontier ~ movement_quality_20_80 + location_score_20_80 + pitch_count + batted_ball_count + C(pitch_type) + C(batter_side),pitch_type_Slider,-0.011456865821702425,0.006925648910279678,-1.65426604353234,0.09839500501725758,+,-0.02504774231747807,0.0021340106740732213,0.09623707242436441,0.08605121975701602,-5671.124999460446,-5612.376807087471,988
xwoba_frontier,Model 5,xwoba_frontier ~ movement_quality_20_80 + location_score_20_80 + pitch_count + batted_ball_count + C(pitch_type) + C(batter_side),pitch_type_Splitter,-0.05406297156940039,0.025736072361395756,-2.100669084630611,0.03592606634198637,*,-0.10456737707440741,-0.0035585660643933717,0.09623707242436441,0.08605121975701602,-5671.124999460446,-5612.376807087471,988
xwoba_frontier,Model 5,xwoba_frontier ~ movement_quality_20_80 + location_score_20_80 + pitch_count + batted_ball_count + C(pitch_type) + C(batter_side),batter_side_R,0.00278727816767359,0.0037620347305631343,0.7408964476137002,0.45893443981826126,,-0.004595329593457838,0.010169885928805019,0.09623707242436441,0.08605121975701602,-5671.124999460446,-5612.376807087471,988
woba_value,Model 1,woba_value ~ movement_quality_20_80,Intercept,0.12134533817951892,0.004270934437302595,28.4118943900617,3.2791566932316944e-130,***,0.11296417241688542,0.12972650394215243,0.04430343466230435,0.043334168368858395,-6087.8531654902245,-6078.061800094729,988
woba_value,Model 1,woba_value ~ movement_quality_20_80,movement_quality_20_80,-0.0005704860631586503,8.220297029751414e-05,-6.939968970633439,7.098430759793938e-12,***,-0.0007317989398506725,-0.00040917318646662814,0.04430343466230435,0.043334168368858395,-6087.8531654902245,-6078.061800094729,988
woba_value,Model 2,woba_value ~ location_score_20_80,Intercept,0.12946706853778828,0.008014595162879381,16.15391244431553,2.956829951110942e-52,***,0.11373944462630614,0.1451946924492704,0.023511246127913443,0.02252089242216082,-6066.588667659764,-6056.797302264268,988
woba_value,Model 2,woba_value ~ location_score_20_80,location_score_20_80,-0.0007284300522645616,0.00015408754502316824,-4.72737788219701,2.6051170130708023e-06,***,-0.0010308072663741887,-0.0004260528381549344,0.023511246127913443,0.02252089242216082,-6066.588667659764,-6056.797302264268,988
woba_value,Model 3,woba_value ~ movement_quality_20_80 + location_score_20_80,Intercept,0.15728715709467717,0.008413439185101821,18.694751769668095,5.543262068070828e-67,***,0.1407768319042847,0.17379748228506964,0.06761674201048318,0.06572357803486994,-6110.253318574301,-6095.5662704810575,988
woba_value,Model 3,woba_value ~ movement_quality_20_80 + location_score_20_80,movement_quality_20_80,-0.0005692129220157842,8.081189889898844e-05,-7.043677104126423,3.5115440939613486e-12,***,-0.0007277961958377453,-0.0004106296481938231,0.06761674201048318,0.06572357803486994,-6110.253318574301,-6095.5662704810575,988
woba_value,Model 3,woba_value ~ movement_quality_20_80 + location_score_20_80,location_score_20_80,-0.0007253607147102116,0.00015097483214727547,-4.8045141325451155,1.792544024977998e-06,***,-0.0010216299952596343,-0.00042909143416078874,0.06761674201048318,0.06572357803486994,-6110.253318574301,-6095.5662704810575,988
woba_value,Model 4,woba_value ~ movement_quality_20_80 + location_score_20_80 + C(pitch_type) + C(batter_side),Intercept,0.12949146508314902,0.012909261830094297,10.030896172643756,1.3206502201431166e-22,***,0.1041584255398344,0.15482450462646363,0.09359927433111681,0.08525816335870373,-6124.176610141171,-6075.219783163692,988
woba_value,Model 4,woba_value ~ movement_quality_20_80 + location_score_20_80 + C(pitch_type) + C(batter_side),movement_quality_20_80,-6.14741565676674e-05,0.0001691743374127274,-0.3633775518664603,0.7164013969771731,,-0.0003934606199144542,0.00027051230677911935,0.09359927433111681,0.08525816335870373,-6124.176610141171,-6075.219783163692,988
woba_value,Model 4,woba_value ~ movement_quality_20_80 + location_score_20_80 + C(pitch_type) + C(batter_side),location_score_20_80,-0.0007314659302731111,0.00015744812008679581,-4.645758424234463,3.851291836967916e-06,***,-0.0010404409518255412,-0.00042249090872068103,0.09359927433111681,0.08525816335870373,-6124.176610141171,-6075.219783163692,988
woba_value,Model 4,woba_value ~ movement_quality_20_80 + location_score_20_80 + C(pitch_type) + C(batter_side),pitch_type_Curveball,-0.016651522248130976,0.00775231357387015,-2.147942299993693,0.031963448667138905,*,-0.03186460483207859,-0.0014384396641833642,0.09359927433111681,0.08525816335870373,-6124.176610141171,-6075.219783163692,988
woba_value,Model 4,woba_value ~ movement_quality_20_80 + location_score_20_80 + C(pitch_type) + C(batter_side),pitch_type_Cutter,-0.006612069345896969,0.00945373676689649,-0.6994133123158246,0.4844600790642554,,-0.02516401216803173,0.011939873476237792,0.09359927433111681,0.08525816335870373,-6124.176610141171,-6075.219783163692,988
woba_value,Model 4,woba_value ~ movement_quality_20_80 + location_score_20_80 + C(pitch_type) + C(batter_side),pitch_type_Four-Seam,0.00828159605407393,0.006053667431033234,1.3680295702435763,0.17161704713706868,,-0.0035980759543541886,0.020161268062502048,0.09359927433111681,0.08525816335870373,-6124.176610141171,-6075.219783163692,988
woba_value,Model 4,woba_value ~ movement_quality_20_80 + location_score_20_80 + C(pitch_type) + C(batter_side),pitch_type_Sinker,0.01176572391789664,0.006834477749866249,1.7215249428717352,0.0854718346308519,+,-0.0016462044614350968,0.025177652297228376,0.09359927433111681,0.08525816335870373,-6124.176610141171,-6075.219783163692,988
woba_value,Model 4,woba_value ~ movement_quality_20_80 + location_score_20_80 + C(pitch_type) + C(batter_side),pitch_type_Slider,-0.015181054109524836,0.005307149537995591,-2.8604911169053717,0.004319891089319388,**,-0.02559576494875368,-0.004766343270295993,0.09359927433111681,0.08525816335870373,-6124.176610141171,-6075.219783163692,988
woba_value,Model 4,woba_value ~ movement_quality_20_80 + location_score_20_80 + C(pitch_type) + C(batter_side),pitch_type_Splitter,-0.03702646291525871,0.019341701884982222,-1.914333244067201,0.05586915338674817,+,-0.07498247505105707,0.0009295492205396438,0.09359927433111681,0.08525816335870373,-6124.176610141171,-6075.219783163692,988
woba_value,Model 4,woba_value ~ movement_quality_20_80 + location_score_20_80 + C(pitch_type) + C(batter_side),batter_side_R,0.004892358511548626,0.002962487176565159,1.6514361818170118,0.09897056657186701,+,-0.0009212043225037894,0.010705921345601041,0.09359927433111681,0.08525816335870373,-6124.176610141171,-6075.219783163692,988
woba_value,Model 5,woba_value ~ movement_quality_20_80 + location_score_20_80 + pitch_count + batted_ball_count + C(pitch_type) + C(batter_side),Intercept,0.13269806949941754,0.012954397235321971,10.243476951409034,1.8537292138454485e-23,***,0.10727639202437952,0.15811974697445555,0.11529125221602943,0.10532014952584123,-6144.108951949977,-6085.360759577003,988
woba_value,Model 5,woba_value ~ movement_quality_20_80 + location_score_20_80 + pitch_count + batted_ball_count + C(pitch_type) + C(batter_side),movement_quality_20_80,-6.733404412625203e-05,0.000169831632453533,-0.39647528056750586,0.6918411074031383,,-0.00040061122459752134,0.0002659431363450173,0.11529125221602943,0.10532014952584123,-6144.108951949977,-6085.360759577003,988
woba_value,Model 5,woba_value ~ movement_quality_20_80 + location_score_20_80 + pitch_count + batted_ball_count + C(pitch_type) + C(batter_side),location_score_20_80,-0.0006299200270866862,0.00015594761552143374,-4.03930528197213,5.781737410213329e-05,***,-0.0009359512466618813,-0.000323888807511491,0.11529125221602943,0.10532014952584123,-6144.108951949977,-6085.360759577003,988
woba_value,Model 5,woba_value ~ movement_quality_20_80 + location_score_20_80 + pitch_count + batted_ball_count + C(pitch_type) + C(batter_side),pitch_count,-0.0003490511648855707,6.36609772785588e-05,-5.482968999332848,5.3266460754046745e-08,***,-0.0004739793111144463,-0.00022412301865669515,0.11529125221602943,0.10532014952584123,-6144.108951949977,-6085.360759577003,988
woba_value,Model 5,woba_value ~ movement_quality_20_80 + location_score_20_80 + pitch_count + batted_ball_count + C(pitch_type) + C(batter_side),batted_ball_count,0.0004682013679035196,0.00010068538431457078,4.650142332880418,3.7730419975884087e-06,***,0.0002706166157919983,0.0006657861200150409,0.11529125221602943,0.10532014952584123,-6144.108951949977,-6085.360759577003,988
woba_value,Model 5,woba_value ~ movement_quality_20_80 + location_score_20_80 + pitch_count + batted_ball_count + C(pitch_type) + C(batter_side),pitch_type_Curveball,-0.017426600289916393,0.007849578777100782,-2.2200682080870657,0.026643227483153262,*,-0.03283059449832772,-0.002022606081505068,0.11529125221602943,0.10532014952584123,-6144.108951949977,-6085.360759577003,988
woba_value,Model 5,woba_value ~ movement_quality_20_80 + location_score_20_80 + pitch_count + batted_ball_count + C(pitch_type) + C(batter_side),pitch_type_Cutter,-0.010601648446283349,0.009280884916162687,-1.1423100859510227,0.25360530174049417,,-0.028814434323986827,0.007611137431420129,0.11529125221602943,0.10532014952584123,-6144.108951949977,-6085.360759577003,988
woba_value,Model 5,woba_value ~ movement_quality_20_80 + location_score_20_80 + pitch_count + batted_ball_count + C(pitch_type) + C(batter_side),pitch_type_Four-Seam,0.003569592393897439,0.0063371917469060655,0.563276690442605,0.57337586607399,,-0.008866497202618211,0.01600568199041309,0.11529125221602943,0.10532014952584123,-6144.108951949977,-6085.360759577003,988
woba_value,Model 5,woba_value ~ movement_quality_20_80 + location_score_20_80 + pitch_count + batted_ball_count + C(pitch_type) + C(batter_side),pitch_type_Sinker,0.00637870592426039,0.006967980009689013,0.915431145811378,0.36019144809950926,,-0.0072952410175421605,0.02005265286606294,0.11529125221602943,0.10532014952584123,-6144.108951949977,-6085.360759577003,988
woba_value,Model 5,woba_value ~ movement_quality_20_80 + location_score_20_80 + pitch_count + batted_ball_count + C(pitch_type) + C(batter_side),pitch_type_Slider,-0.017209741223413965,0.005487982189743525,-3.135895968390204,0.0017645625765416114,**,-0.02797934406035717,-0.00644013838647076,0.11529125221602943,0.10532014952584123,-6144.108951949977,-6085.360759577003,988
woba_value,Model 5,woba_value ~ movement_quality_20_80 + location_score_20_80 + pitch_count + batted_ball_count + C(pitch_type) + C(batter_side),pitch_type_Splitter,-0.03716592150373568,0.018535974438101708,-2.0050697430472875,0.0452313366103607,*,-0.0735408724405601,-0.0007909705669112768,0.11529125221602943,0.10532014952584123,-6144.108951949977,-6085.360759577003,988
woba_value,Model 5,woba_value ~ movement_quality_20_80 + location_score_20_80 + pitch_count + batted_ball_count + C(pitch_type) + C(batter_side),batter_side_R,0.006307577197346526,0.0029834163003289354,2.114212889649724,0.03475018100606365,*,0.00045292834082269126,0.012162226053870361,0.11529125221602943,0.10532014952584123,-6144.108951949977,-6085.360759577003,988
whiff_pct,Model 1,whiff_pct ~ movement_quality_20_80,Intercept,0.1203852528192428,0.01087685372512924,11.068021678099047,6.3992293180738896e-27,***,0.09904081042976877,0.1417296952087168,0.09846729696035517,0.09755296359013232,-4143.136167457648,-4133.344802062153,988
whiff_pct,Model 1,whiff_pct ~ movement_quality_20_80,movement_quality_20_80,0.0023429368170828054,0.00022061495239963813,10.620027299140801,5.091101157206696e-25,***,0.001910008025287853,0.002775865608877758,0.09846729696035517,0.09755296359013232,-4143.136167457648,-4133.344802062153,988
whiff_pct,Model 2,whiff_pct ~ location_score_20_80,Intercept,0.14161709917584658,0.020885169780945,6.7807492427020515,2.056657599621809e-11,***,0.10063260913403832,0.18260158921765485,0.02089790401489444,0.01990489986075128,-4061.587037867513,-4051.7956724720175,988
whiff_pct,Model 2,whiff_pct ~ location_score_20_80,location_score_20_80,0.0018918627399751237,0.00041376274570468135,4.572337069044442,5.435826336506747e-06,***,0.0010799059635223608,0.0027038195164278867,0.02089790401489444,0.01990489986075128,-4061.587037867513,-4051.7956724720175,988
whiff_pct,Model 3,whiff_pct ~ movement_quality_20_80 + location_score_20_80,Intercept,0.027268065980231262,0.021401709079970077,1.274106935962022,0.20292604722696836,,-0.014730119157444415,0.06926625111790694,0.11908721922941967,0.11729856383699211,-4163.996212548902,-4149.309164455658,988
whiff_pct,Model 3,whiff_pct ~ movement_quality_20_80 + location_score_20_80,movement_quality_20_80,0.002339638394096821,0.00021699004873205625,10.782238207549574,1.0639694685307004e-25,***,0.0019138224835249299,0.002765454304668712,0.11908721922941967,0.11729856383699211,-4163.996212548902,-4149.309164455658,988
whiff_pct,Model 3,whiff_pct ~ movement_quality_20_80 + location_score_20_80,location_score_20_80,0.001879246828236046,0.0003917645439217046,4.796878271382362,1.8605917508438762e-06,***,0.0011104577663662344,0.0026480358901058575,0.11908721922941967,0.11729856383699211,-4163.996212548902,-4149.309164455658,988
whiff_pct,Model 4,whiff_pct ~ movement_quality_20_80 + location_score_20_80 + C(pitch_type) + C(batter_side),Intercept,0.23241131459161452,0.03130471430711624,7.424163412306957,2.4654391085678266e-13,***,0.17097917572325677,0.29384345345997226,0.217377610486864,0.21017556395760195,-4266.8848151893135,-4217.927988211834,988
whiff_pct,Model 4,whiff_pct ~ movement_quality_20_80 + location_score_20_80 + C(pitch_type) + C(batter_side),movement_quality_20_80,-0.0006018669259178844,0.0003752474813037162,-1.603919961905748,0.10905456149520396,,-0.0013382497964113261,0.0001345159445755573,0.217377610486864,0.21017556395760195,-4266.8848151893135,-4217.927988211834,988
whiff_pct,Model 4,whiff_pct ~ movement_quality_20_80 + location_score_20_80 + C(pitch_type) + C(batter_side),location_score_20_80,0.0017848441328583414,0.00038396386292637307,4.648469049288094,3.8021168652648554e-06,***,0.0010313562998017713,0.0025383319659149114,0.217377610486864,0.21017556395760195,-4266.8848151893135,-4217.927988211834,988
whiff_pct,Model 4,whiff_pct ~ movement_quality_20_80 + location_score_20_80 + C(pitch_type) + C(batter_side),pitch_type_Curveball,0.015797928540971055,0.020660442675919887,0.7646461786311975,0.4446667187871944,,-0.024745970729188868,0.05634182781113098,0.217377610486864,0.21017556395760195,-4266.8848151893135,-4217.927988211834,988
whiff_pct,Model 4,whiff_pct ~ movement_quality_20_80 + location_score_20_80 + C(pitch_type) + C(batter_side),pitch_type_Cutter,-0.005011776516942619,0.022475186787623336,-0.22299154015051437,0.823588654687439,,-0.049116916154511296,0.039093363120626064,0.217377610486864,0.21017556395760195,-4266.8848151893135,-4217.927988211834,988
whiff_pct,Model 4,whiff_pct ~ movement_quality_20_80 + location_score_20_80 + C(pitch_type) + C(batter_side),pitch_type_Four-Seam,-0.09579490176000649,0.014994903109257546,-6.388497548934789,2.5869652192379686e-10,***,-0.12522078826030517,-0.06636901525970781,0.217377610486864,0.21017556395760195,-4266.8848151893135,-4217.927988211834,988
whiff_pct,Model 4,whiff_pct ~ movement_quality_20_80 + location_score_20_80 + C(pitch_type) + C(batter_side),pitch_type_Sinker,-0.12230043132747444,0.016798421286708522,-7.2804717324384915,6.830205161465399e-13,***,-0.15526552850517547,-0.0893353341497734,0.217377610486864,0.21017556395760195,-4266.8848151893135,-4217.927988211834,988
whiff_pct,Model 4,whiff_pct ~ movement_quality_20_80 + location_score_20_80 + C(pitch_type) + C(batter_side),pitch_type_Slider,0.03736996860135251,0.015458990099328995,2.417361571566992,0.015815500483108667,*,0.007033361238331041,0.06770657596437399,0.217377610486864,0.21017556395760195,-4266.8848151893135,-4217.927988211834,988
whiff_pct,Model 4,whiff_pct ~ movement_quality_20_80 + location_score_20_80 + C(pitch_type) + C(batter_side),pitch_type_Splitter,0.13496510569658648,0.05586145656475789,2.4160685022619663,0.015871434887375076,*,0.02534299819519832,0.24458721319797466,0.217377610486864,0.21017556395760195,-4266.8848151893135,-4217.927988211834,988
whiff_pct,Model 4,whiff_pct ~ movement_quality_20_80 + location_score_20_80 + C(pitch_type) + C(batter_side),batter_side_R,-0.011291002201898343,0.0075738906780901455,-1.490779664216848,0.13634179597802995,,-0.026153949020244666,0.00357194461644798,0.217377610486864,0.21017556395760195,-4266.8848151893135,-4217.927988211834,988
whiff_pct,Model 5,whiff_pct ~ movement_quality_20_80 + location_score_20_80 + pitch_count + batted_ball_count + C(pitch_type) + C(batter_side),Intercept,0.2511499085399062,0.030844196480335952,8.142533675663147,1.1746651689974494e-15,***,0.1906213327477563,0.3116784843320561,0.2745220418377894,0.26634554845686287,-4337.794607877246,-4279.046415504271,988
whiff_pct,Model 5,whiff_pct ~ movement_quality_20_80 + location_score_20_80 + pitch_count + batted_ball_count + C(pitch_type) + C(batter_side),movement_quality_20_80,-0.00037635804333299364,0.0003749392014159743,-1.0037841919747548,0.31573143885951427,,-0.0011121378158689182,0.000359421729202931,0.2745220418377894,0.26634554845686287,-4337.794607877246,-4279.046415504271,988
whiff_pct,Model 5,whiff_pct ~ movement_quality_20_80 + location_score_20_80 + pitch_count + batted_ball_count + C(pitch_type) + C(batter_side),location_score_20_80,0.0013206567737126193,0.0003795519668885564,3.4795150306792877,0.000524525227793384,***,0.0005758249214865461,0.0020654886259386922,0.2745220418377894,0.26634554845686287,-4337.794607877246,-4279.046415504271,988
whiff_pct,Model 5,whiff_pct ~ movement_quality_20_80 + location_score_20_80 + pitch_count + batted_ball_count + C(pitch_type) + C(batter_side),pitch_count,0.0011333807059775215,0.00018021118957551555,6.289180536720171,4.808400822948634e-10,***,0.0007797347079769188,0.0014870267039781243,0.2745220418377894,0.26634554845686287,-4337.794607877246,-4279.046415504271,988
whiff_pct,Model 5,whiff_pct ~ movement_quality_20_80 + location_score_20_80 + pitch_count + batted_ball_count + C(pitch_type) + C(batter_side),batted_ball_count,-0.002468904910457835,0.0003013964518754892,-8.191552671223123,8.031625659656758e-16,***,-0.003060364571028377,-0.0018774452498872933,0.2745220418377894,0.26634554845686287,-4337.794607877246,-4279.046415504271,988
whiff_pct,Model 5,whiff_pct ~ movement_quality_20_80 + location_score_20_80 + pitch_count + batted_ball_count + C(pitch_type) + C(batter_side),pitch_type_Curveball,-8.39312200132808e-05,0.020077167604471615,-0.004180431307182369,0.9966653623961159,,-0.03948331585996356,0.039315453419936995,0.2745220418377894,0.26634554845686287,-4337.794607877246,-4279.046415504271,988
whiff_pct,Model 5,whiff_pct ~ movement_quality_20_80 + location_score_20_80 + pitch_count + batted_ball_count + C(pitch_type) + C(batter_side),pitch_type_Cutter,-0.0006635237832517578,0.02175362604091793,-0.030501755523593587,0.9756731292580115,,-0.04335278636174786,0.042025738795244336,0.2745220418377894,0.26634554845686287,-4337.794607877246,-4279.046415504271,988
whiff_pct,Model 5,whiff_pct ~ movement_quality_20_80 + location_score_20_80 + pitch_count + batted_ball_count + C(pitch_type) + C(batter_side),pitch_type_Four-Seam,-0.06753459428516699,0.015203909544167773,-4.441922920481548,9.934871848818335e-06,***,-0.09737070921744766,-0.037698479352886324,0.2745220418377894,0.26634554845686287,-4337.794607877246,-4279.046415504271,988
whiff_pct,Model 5,whiff_pct ~ movement_quality_20_80 + location_score_20_80 + pitch_count + batted_ball_count + C(pitch_type) + C(batter_side),pitch_type_Sinker,-0.10155183136172649,0.016563501064046218,-6.131060756361547,1.265810025694867e-09,***,-0.13405600536987874,-0.06904765735357424,0.2745220418377894,0.26634554845686287,-4337.794607877246,-4279.046415504271,988
whiff_pct,Model 5,whiff_pct ~ movement_quality_20_80 + location_score_20_80 + pitch_count + batted_ball_count + C(pitch_type) + C(batter_side),pitch_type_Slider,0.03146903035683428,0.015032356904968252,2.0934195852171156,0.036569321255124895,*,0.0019695699044572045,0.06096849080921135,0.2745220418377894,0.26634554845686287,-4337.794607877246,-4279.046415504271,988
whiff_pct,Model 5,whiff_pct ~ movement_quality_20_80 + location_score_20_80 + pitch_count + batted_ball_count + C(pitch_type) + C(batter_side),pitch_type_Splitter,0.11936264761798963,0.050850456949272246,2.3473269421563754,0.01910765174371411,*,0.019573835175372353,0.21915146006060693,0.2745220418377894,0.26634554845686287,-4337.794607877246,-4279.046415504271,988
whiff_pct,Model 5,whiff_pct ~ movement_quality_20_80 + location_score_20_80 + pitch_count + batted_ball_count + C(pitch_type) + C(batter_side),batter_side_R,-0.01544784601717743,0.007346411692051688,-2.102774342729926,0.0357410850886026,*,-0.029864426367590353,-0.0010312656667645064,0.2745220418377894,0.26634554845686287,-4337.794607877246,-4279.046415504271,988
hardhit_pct,Model 1,hardhit_pct ~ movement_quality_20_80,Intercept,0.1954458224980388,0.011429465153545091,17.100172219118857,1.305273386827686e-57,***,0.17301695044759247,0.21787469454848513,0.0018771964342234604,0.000864901501601012,-4250.5813564695145,-4240.789991074019,988
hardhit_pct,Model 1,hardhit_pct ~ movement_quality_20_80,movement_quality_20_80,-0.0002911745271910997,0.00022485398499351363,-1.2949493743662102,0.19564083073109914,,-0.0007324218814374383,0.00015007282705523892,0.0018771964342234604,0.000864901501601012,-4250.5813564695145,-4240.789991074019,988
hardhit_pct,Model 2,hardhit_pct ~ location_score_20_80,Intercept,0.27993663300337557,0.01965916740458125,14.239495866856544,5.573593949750157e-42,***,0.24135801673287643,0.3185152492738747,0.028553871967934907,0.02756863248717223,-4277.3467739145,-4267.555408519004,988
hardhit_pct,Model 2,hardhit_pct ~ location_score_20_80,location_score_20_80,-0.0019904657660465806,0.00038192509774614687,-5.211665265762603,2.2792295344131987e-07,***,-0.0027399452066961334,-0.0012409863253970278,0.028553871967934907,0.02756863248717223,-4277.3467739145,-4267.555408519004,988
hardhit_pct,Model 3,hardhit_pct ~ movement_quality_20_80 + location_score_20_80,Intercept,0.29399707225269495,0.02200781003132781,13.358760905069346,1.56754755242736e-37,***,0.2508094895826948,0.3371846549226951,0.030386309228602304,0.028417550465614783,-4277.212196642673,-4262.525148549429,988
hardhit_pct,Model 3,hardhit_pct ~ movement_quality_20_80 + location_score_20_80,movement_quality_20_80,-0.00028768361731139986,0.000221231223373928,-1.300375294788987,0.19377654262851282,,-0.0007218223042160113,0.00014645506959321165,0.030386309228602304,0.028417550465614783,-4277.212196642673,-4262.525148549429,988
hardhit_pct,Model 3,hardhit_pct ~ movement_quality_20_80 + location_score_20_80,location_score_20_80,-0.00198891450447644,0.00038336558999850213,-5.188036058437615,2.579914345526297e-07,***,-0.0027412216666759305,-0.0012366073422769492,0.030386309228602304,0.028417550465614783,-4277.212196642673,-4262.525148549429,988
hardhit_pct,Model 4,hardhit_pct ~ movement_quality_20_80 + location_score_20_80 + C(pitch_type) + C(batter_side),Intercept,0.29109380583842925,0.03448649406490912,8.440805994675596,1.125319829514404e-16,***,0.22341776600321844,0.35876984567364006,0.04737616741520201,0.038609690428225374,-4280.677693819785,-4231.720866842306,988
hardhit_pct,Model 4,hardhit_pct ~ movement_quality_20_80 + location_score_20_80 + C(pitch_type) + C(batter_side),movement_quality_20_80,-6.745427261082808e-05,0.0004304866010806566,-0.15669308276145336,0.8755190786886661,,-0.0009122379815150979,0.0007773294362934417,0.04737616741520201,0.038609690428225374,-4280.677693819785,-4231.720866842306,988
hardhit_pct,Model 4,hardhit_pct ~ movement_quality_20_80 + location_score_20_80 + C(pitch_type) + C(batter_side),location_score_20_80,-0.0019305493410245273,0.00040127587640537176,-4.811027660866094,1.7381761957320388e-06,***,-0.0027180101407626995,-0.0011430885412863552,0.04737616741520201,0.038609690428225374,-4280.677693819785,-4231.720866842306,988
hardhit_pct,Model 4,hardhit_pct ~ movement_quality_20_80 + location_score_20_80 + C(pitch_type) + C(batter_side),pitch_type_Curveball,-0.010257930342431464,0.020816841579302015,-0.49277073581761915,0.6222852015770026,,-0.0511087456590747,0.030592884974211774,0.04737616741520201,0.038609690428225374,-4280.677693819785,-4231.720866842306,988
hardhit_pct,Model 4,hardhit_pct ~ movement_quality_20_80 + location_score_20_80 + C(pitch_type) + C(batter_side),pitch_type_Cutter,-0.03676664225128396,0.025003460985964832,-1.4704621201009789,0.14175827689383166,,-0.0858332483991697,0.012299963896601783,0.04737616741520201,0.038609690428225374,-4280.677693819785,-4231.720866842306,988
hardhit_pct,Model 4,hardhit_pct ~ movement_quality_20_80 + location_score_20_80 + C(pitch_type) + C(batter_side),pitch_type_Four-Seam,-0.01661127392600526,0.014983937034348983,-1.1086054277941633,0.26787297963648316,,-0.04601564068234415,0.012793092830333627,0.04737616741520201,0.038609690428225374,-4280.677693819785,-4231.720866842306,988
hardhit_pct,Model 4,hardhit_pct ~ movement_quality_20_80 + location_score_20_80 + C(pitch_type) + C(batter_side),pitch_type_Sinker,-0.002993717138348867,0.017169866246681476,-0.17435879204519025,0.8616195829211801,,-0.036687735146923695,0.03070030087022596,0.04737616741520201,0.038609690428225374,-4280.677693819785,-4231.720866842306,988
hardhit_pct,Model 4,hardhit_pct ~ movement_quality_20_80 + location_score_20_80 + C(pitch_type) + C(batter_side),pitch_type_Slider,-0.03513043759568715,0.014204472739923826,-2.4731954672944476,0.013560080424527526,*,-0.06300518940942401,-0.007255685781950301,0.04737616741520201,0.038609690428225374,-4280.677693819785,-4231.720866842306,988
hardhit_pct,Model 4,hardhit_pct ~ movement_quality_20_80 + location_score_20_80 + C(pitch_type) + C(batter_side),pitch_type_Splitter,-0.10098807547808034,0.030279091379116014,-3.3352412796552233,0.0008842925264680097,***,-0.16040753952943268,-0.041568611426728,0.04737616741520201,0.038609690428225374,-4280.677693819785,-4231.720866842306,988
hardhit_pct,Model 4,hardhit_pct ~ movement_quality_20_80 + location_score_20_80 + C(pitch_type) + C(batter_side),batter_side_R,0.011569072141538298,0.007564916446100464,1.5293060041002675,0.12651195944545132,,-0.003276263710599603,0.026414407993676198,0.04737616741520201,0.038609690428225374,-4280.677693819785,-4231.720866842306,988
hardhit_pct,Model 5,hardhit_pct ~ movement_quality_20_80 + location_score_20_80 + pitch_count + batted_ball_count + C(pitch_type) + C(batter_side),Intercept,0.2906374934989103,0.03427315722623996,8.480032685065693,8.246139008220586e-17,***,0.22337993351911667,0.357895053478704,0.06473133695087252,0.05419039915011392,-4294.8433368194,-4236.095144446425,988
hardhit_pct,Model 5,hardhit_pct ~ movement_quality_20_80 + location_score_20_80 + pitch_count + batted_ball_count + C(pitch_type) + C(batter_side),movement_quality_20_80,-0.00013016488397899156,0.0004307470498599665,-0.30218404054376563,0.7625761515332695,,-0.0009754618419112856,0.0007151320739533025,0.06473133695087252,0.05419039915011392,-4294.8433368194,-4236.095144446425,988
hardhit_pct,Model 5,hardhit_pct ~ movement_quality_20_80 + location_score_20_80 + pitch_count + batted_ball_count + C(pitch_type) + C(batter_side),location_score_20_80,-0.0016862750000115375,0.0004036241719550764,-4.177834523248575,3.206654198086688e-05,***,-0.002478346088629518,-0.0008942039113935569,0.06473133695087252,0.05419039915011392,-4294.8433368194,-4236.095144446425,988
hardhit_pct,Model 5,hardhit_pct ~ movement_quality_20_80 + location_score_20_80 + pitch_count + batted_ball_count + C(pitch_type) + C(batter_side),pitch_count,-0.0007265908220332592,0.00015836662414707808,-4.588029996512779,5.056979620341613e-06,***,-0.0010373690982235465,-0.000415812545842972,0.06473133695087252,0.05419039915011392,-4294.8433368194,-4236.095144446425,988
hardhit_pct,Model 5,hardhit_pct ~ movement_quality_20_80 + location_score_20_80 + pitch_count + batted_ball_count + C(pitch_type) + C(batter_side),batted_ball_count,0.0012066860440799884,0.00027145664249853435,4.445225701509601,9.786446070171924e-06,***,0.0006739801922601743,0.0017393918958998025,0.06473133695087252,0.05419039915011392,-4294.8433368194,-4236.095144446425,988
hardhit_pct,Model 5,hardhit_pct ~ movement_quality_20_80 + location_score_20_80 + pitch_count + batted_ball_count + C(pitch_type) + C(batter_side),pitch_type_Curveball,-0.007370418992490222,0.020727728601901935,-0.35558256932281174,0.7222300345752118,,-0.04804646294387635,0.0333056249588959,0.06473133695087252,0.05419039915011392,-4294.8433368194,-4236.095144446425,988
hardhit_pct,Model 5,hardhit_pct ~ movement_quality_20_80 + location_score_20_80 + pitch_count + batted_ball_count + C(pitch_type) + C(batter_side),pitch_type_Cutter,-0.04296608111694705,0.02504372076150506,-1.715642876157229,0.08654479491414772,+,-0.09211181753438302,0.006179655300488911,0.06473133695087252,0.05419039915011392,-4294.8433368194,-4236.095144446425,988
hardhit_pct,Model 5,hardhit_pct ~ movement_quality_20_80 + location_score_20_80 + pitch_count + batted_ball_count + C(pitch_type) + C(batter_side),pitch_type_Four-Seam,-0.029590393549371687,0.015443015032751882,-1.9161021009573413,0.055643968013191554,+,-0.05989572850809424,0.0007149414093508728,0.06473133695087252,0.05419039915011392,-4294.8433368194,-4236.095144446425,988
hardhit_pct,Model 5,hardhit_pct ~ movement_quality_20_80 + location_score_20_80 + pitch_count + batted_ball_count + C(pitch_type) + C(batter_side),pitch_type_Sinker,-0.015004144990296371,0.017269627129365722,-0.868816962746285,0.3851608453822478,,-0.04889401906331342,0.01888572908272068,0.06473133695087252,0.05419039915011392,-4294.8433368194,-4236.095144446425,988
hardhit_pct,Model 5,hardhit_pct ~ movement_quality_20_80 + location_score_20_80 + pitch_count + batted_ball_count + C(pitch_type) + C(batter_side),pitch_type_Slider,-0.03629835176791281,0.014325761981802647,-2.533781575738933,0.011439386674872116,*,-0.06441119206993375,-0.00818551146589187,0.06473133695087252,0.05419039915011392,-4294.8433368194,-4236.095144446425,988
hardhit_pct,Model 5,hardhit_pct ~ movement_quality_20_80 + location_score_20_80 + pitch_count + batted_ball_count + C(pitch_type) + C(batter_side),pitch_type_Splitter,-0.09735069525749315,0.03095736012903568,-3.1446704386846442,0.0017130096361185636,**,-0.15810134311728807,-0.03660004739769823,0.06473133695087252,0.05419039915011392,-4294.8433368194,-4236.095144446425,988
hardhit_pct,Model 5,hardhit_pct ~ movement_quality_20_80 + location_score_20_80 + pitch_count + batted_ball_count + C(pitch_type) + C(batter_side),batter_side_R,0.014407763053547101,0.007564374335892854,1.9046866817765034,0.05711456082132832,+,-0.00043654665645566533,0.029252072763549866,0.06473133695087252,0.05419039915011392,-4294.8433368194,-4236.095144446425,988
